7180,9848,7,1,False
6813,6640,5,7,True
6162,2308,1,3,True
5484,6771,6,6,False
3938,5530,4,8,True
3021,7316,2,4,True
8981,3244,3,1,False
6453,2288,3,3,False
4845,1121,8,0,False
9252,6368,9,5,False
6792,8236,6,8,True
98,2935,6,8,True
7943,7913,0,0,False
2779,3291,0,4,True
7299,3630,1,3,True
7623,3348,8,8,False
7291,4803,2,4,True
7123,7756,1,9,True
7894,1679,2,4,True
506,6598,1,5,True
8095,6614,4,2,False
4684,3986,2,2,False
2731,9400,3,5,True
2329,3626,0,8,True
5117,1757,6,0,False
5499,9853,1,5,True
9942,1062,3,3,False
2172,9098,8,4,False
2553,1925,1,7,True
2787,5923,2,4,True
5370,3189,1,7,True
3835,5909,6,6,False
8754,7346,4,6,True
4128,2476,3,5,True
9208,2918,4,2,False
9995,1268,2,8,True
5813,5404,9,9,False
1733,7970,6,6,False
3225,3625,7,1,False
5080,7405,9,1,False
3302,4639,6,8,True
6269,9584,7,5,False
4029,4559,4,2,False
8910,7087,3,1,False
5293,3569,3,5,True
1798,1659,3,1,False
8798,536,0,2,True
7465,3728,0,4,True
4676,9049,1,1,False
8328,9675,3,5,True
7256,4111,9,9,False
6296,6698,8,2,False
1728,9360,1,5,True
7803,6114,8,0,False
6805,4028,7,7,False
6625,7116,8,6,False
848,6502,1,1,False
4084,8860,3,3,False
5651,6661,1,1,False
3216,868,8,2,False
7227,1603,9,1,False
6980,1143,9,7,False
4224,6644,9,1,False
9604,2501,3,3,False
783,9255,1,9,True
4991,9851,7,7,False
9984,3094,1,3,True
6845,7276,7,7,False
2414,5073,9,9,False
72,9273,2,0,False
4484,6669,6,6,False
8468,2938,0,4,True
2513,3879,7,9,True
1343,8485,9,3,False
4465,5888,4,4,False
2486,2179,6,8,True
324,2509,0,4,True
5606,8426,3,9,True
7550,5511,4,6,True
1123,2828,6,4,False
4966,6124,7,9,True
3545,8137,6,0,False
7642,4876,8,2,False
175,6006,7,7,False
6081,1731,9,3,False
5470,7210,0,6,True
8578,1799,5,7,True
1949,7350,7,3,False
6879,5140,5,3,False
4351,4289,0,2,True
6477,6161,8,8,False
1760,6151,1,3,True
1273,2882,0,4,True
4770,6762,3,7,True
8451,3099,3,1,False
5743,3258,6,2,False
1562,1293,8,6,False
6658,3808,9,7,False
220,9608,7,7,False
1675,2672,8,6,False
7787,8574,6,8,True
6156,2608,2,8,True
9342,438,3,7,True
2234,4663,7,9,True
4321,7124,9,7,False
423,1762,2,0,False
2409,1447,1,5,True
9898,9212,1,7,True
5784,9799,9,1,False
9597,3479,2,0,False
5278,1337,8,2,False
4789,3154,8,4,False
5817,2940,4,2,False
4194,4180,4,2,False
2810,480,5,1,False
7866,186,0,2,True
3752,5677,4,4,False
2088,866,9,5,False
6998,8064,9,7,False
7914,2514,6,4,False
1978,1575,4,4,False
6016,8163,0,0,False
8077,2130,0,4,True
486,6881,8,6,False
8792,4146,6,0,False
6462,5198,2,8,True
7842,4925,5,3,False
8983,2691,0,8,True
3416,1008,5,1,False
7885,5018,4,2,False
1804,807,3,3,False
120,9002,5,1,False
6376,7519,9,3,False
3829,4999,8,0,False
4366,3679,3,1,False
3701,5970,3,1,False
1752,319,5,5,False
4633,3786,9,1,False
1232,6411,9,9,False
2156,9072,6,2,False
8936,9526,2,4,True
3271,7885,0,4,True
2104,3927,7,9,True
852,5549,7,7,False
2758,2643,8,6,False
2521,5998,7,1,False
3586,6813,1,5,True
5487,7971,2,8,True
971,8145,4,8,True
8536,3390,1,3,True
4783,9679,4,6,True
8862,3553,1,9,True
2680,2178,4,0,False
6918,8421,3,7,True
9801,3317,0,0,False
5241,8172,0,0,False
8158,8219,5,1,False
7699,5500,0,4,True
5259,9589,0,6,True
7377,4759,9,1,False
2809,2669,8,2,False
7456,1649,4,4,False
5271,7769,1,9,True
6030,2928,3,1,False
2614,5394,8,8,False
9612,5091,1,1,False
3908,7225,6,0,False
1273,903,0,6,True
6073,7232,1,1,False
6379,1376,3,5,True
6497,3180,2,2,False
6623,4201,1,1,False
5801,1511,6,4,False
2824,2537,0,4,True
2166,4461,1,5,True
6297,8380,8,6,False
1212,2936,6,4,False
1610,1602,0,6,True
4712,8298,5,9,True
9680,720,3,5,True
3989,6323,0,4,True
5699,3863,1,5,True
3907,6860,5,5,False
7724,1957,2,2,False
2228,3272,1,1,False
7711,9169,7,7,False
2842,1652,0,4,True
3403,3633,6,8,True
7906,1593,6,6,False
944,5072,3,1,False
5378,210,6,4,False
1872,134,4,8,True
3146,5424,3,9,True
3251,4614,0,0,False
1052,7772,8,2,False
9748,5685,8,0,False
7997,3699,5,1,False
2385,8547,0,8,True
8195,4943,0,2,True
6226,1600,3,3,False
5807,7023,5,1,False
5052,7223,1,1,False
9938,8894,6,8,True
8913,1560,0,8,True
8611,7585,0,6,True
3783,1110,9,7,False
4355,1792,5,7,True
7961,2708,8,4,False
8386,4083,5,7,True
5273,7278,3,9,True
6032,488,9,9,False
1089,2689,5,5,False
2150,8556,6,8,True
6894,4066,0,2,True
3799,7392,7,7,False
2830,6562,6,2,False
7901,6474,8,4,False
1632,9191,6,2,False
6853,3328,7,7,False
8354,2100,3,5,True
7,5516,9,3,False
6405,3296,5,7,True
2229,7590,3,3,False
737,5392,6,2,False
5935,9360,3,5,True
5211,4054,1,5,True
5460,6314,1,5,True
7562,2187,9,7,False
7165,7821,1,3,True
8319,6230,9,9,False
443,1516,0,4,True
7333,8328,3,3,False
371,7277,2,8,True
3847,4716,0,2,True
9424,9834,6,8,True
4479,7598,9,7,False
6329,409,1,1,False
5415,50,0,6,True
173,4104,3,1,False
570,2490,5,7,True
8991,3185,0,0,False
2023,834,0,6,True
1582,5572,1,5,True
5723,9098,2,4,True
9317,5332,6,6,False
7780,2859,0,8,True
7102,1408,4,0,False
8169,1389,6,8,True
9164,241,7,9,True
7077,6751,5,1,False
2506,6583,0,0,False
2251,7773,4,2,False
320,8421,9,7,False
5034,5888,6,4,False
5075,6111,8,2,False
3662,3362,8,6,False
2143,4460,7,7,False
1468,33,0,4,True
2714,3209,0,6,True
6948,8702,1,5,True
7977,3722,2,4,True
2421,3604,1,7,True
2651,8369,6,4,False
3299,6159,3,1,False
6609,1173,7,7,False
664,9783,8,4,False
8475,4555,7,9,True
9854,3845,8,8,False
9628,7697,7,9,True
3815,521,1,9,True
2994,9920,6,8,True
921,9208,2,4,True
9408,9393,9,7,False
7935,8879,2,4,True
5715,425,6,4,False
9737,7610,1,3,True
9304,5995,2,8,True
8356,26,7,7,False
7114,5037,8,2,False
9525,4350,4,2,False
8411,6576,3,7,True
7342,9450,0,8,True
7848,1031,2,2,False
872,1044,8,6,False
2573,2798,5,5,False
158,4874,3,9,True
4123,1733,8,6,False
395,9262,5,7,True
9250,3745,9,1,False
4979,1645,5,9,True
1937,8625,6,2,False
460,506,5,1,False
4270,1239,3,3,False
8884,1060,6,4,False
3239,8392,2,4,True
4361,9195,0,6,True
5821,893,5,9,True
205,2606,3,5,True
4984,7529,1,3,True
4406,6520,3,9,True
6072,1335,0,2,True
8176,13,4,0,False
5453,9750,1,3,True
8421,1633,7,1,False
8864,8058,3,1,False
6291,1667,5,1,False
2197,3159,4,6,True
8388,4476,0,2,True
1796,4801,0,2,True
7587,2889,2,4,True
3501,1988,9,1,False
2481,7660,2,8,True
3223,641,2,8,True
9561,395,3,5,True
7753,7788,6,8,True
1997,3799,3,7,True
606,6581,8,2,False
195,8955,3,9,True
867,7897,2,6,True
4386,2310,1,9,True
3610,5529,4,0,False
7864,4664,9,3,False
8269,644,4,0,False
9265,4057,1,1,False
3071,8018,2,6,True
8024,9858,6,6,False
9550,4716,4,2,False
7511,3286,5,9,True
9576,4357,7,7,False
8914,155,1,5,True
2664,3207,2,2,False
591,6480,8,2,False
2822,8733,1,7,True
3917,2161,5,9,True
6194,4138,3,1,False
1904,6731,9,7,False
8503,4369,9,9,False
943,8343,6,0,False
9764,9033,4,4,False
7056,9066,4,6,True
3469,9002,3,1,False
5455,6197,2,6,True
1330,2849,4,8,True
2284,3693,3,9,True
9625,7720,4,8,True
7957,5117,4,6,True
903,1101,6,8,True
2932,3534,0,4,True
1275,3036,4,6,True
5941,8099,9,1,False
3258,1706,2,4,True
1249,35,8,2,False
6039,3746,9,3,False
9534,2735,7,9,True
9251,6885,6,2,False
355,6199,8,8,False
2961,3453,7,7,False
7848,5045,2,2,False
6487,6747,9,9,False
2630,5105,4,2,False
5453,2644,1,5,True
7820,1658,0,2,True
6170,3900,7,1,False
306,7930,2,2,False
2350,5741,2,4,True
4369,8246,9,3,False
6840,3117,3,5,True
2721,2007,6,4,False
8523,9315,9,5,False
4271,4386,5,1,False
5439,2381,4,8,True
8484,6446,4,2,False
425,1733,4,6,True
2696,7454,9,5,False
6195,7376,4,4,False
7660,8544,8,2,False
1701,6595,4,8,True
8632,1302,5,1,False
9589,8743,6,4,False
9568,9666,6,0,False
9344,7469,4,2,False
9529,3560,6,6,False
3619,6465,5,3,False
9084,2778,4,4,False
9613,8848,2,6,True
2698,4867,5,5,False
6239,7811,1,1,False
4158,6680,9,1,False
639,9968,9,7,False
3137,4652,4,4,False
7206,3945,4,2,False
5656,6806,8,8,False
5157,4965,2,2,False
4350,8691,2,0,False
3332,5116,4,6,True
4466,9426,6,6,False
3229,2419,2,8,True
9403,6924,6,4,False
4658,1834,7,1,False
9275,9762,3,3,False
5646,5144,1,9,True
9084,9322,4,8,True
2926,3419,9,1,False
4559,3574,2,0,False
5974,3622,0,6,True
2029,375,5,5,False
6487,9388,9,1,False
5385,1927,2,2,False
45,5852,5,5,False
4187,2200,2,2,False
7712,744,6,2,False
1740,4739,8,0,False
3025,1813,4,8,True
8023,9603,0,2,True
8550,872,2,8,True
6943,6469,6,2,False
1641,6272,5,3,False
5753,8387,9,7,False
990,650,2,6,True
896,3130,0,6,True
5200,7161,4,0,False
9375,2659,8,4,False
2798,6811,5,3,False
5597,4250,4,2,False
2431,5258,3,1,False
7065,6162,3,1,False
737,762,6,4,False
8216,8281,8,6,False
9577,9099,2,4,True
8257,9388,7,1,False
4786,4742,9,7,False
9199,7957,0,4,True
6015,8041,0,6,True
3127,4154,5,9,True
9934,7202,8,0,False
8491,8010,1,3,True
255,5399,7,1,False
2636,8732,8,6,False
3566,4079,2,0,False
9425,5475,0,2,True
5740,7306,3,5,True
8273,4779,0,6,True
6930,8545,3,1,False
6640,270,7,3,False
8745,7315,1,5,True
424,1990,0,6,True
7328,3696,2,2,False
9446,2155,2,0,False
438,9101,7,7,False
6172,5833,9,5,False
1382,7338,4,4,False
3660,5088,0,6,True
3278,327,4,0,False
8807,6539,9,7,False
1384,1799,3,7,True
6714,2244,3,9,True
8029,9997,0,4,True
7544,8064,7,7,False
2358,1659,1,1,False
3515,8184,3,9,True
2949,7721,8,6,False
3224,9902,8,0,False
7734,1683,7,3,False
8902,7670,2,6,True
4317,4493,3,7,True
6133,6100,0,4,True
2681,6905,3,9,True
2095,7734,7,7,False
634,7863,9,9,False
211,2829,5,5,False
3221,4393,3,3,False
8038,8224,5,5,False
3730,790,7,1,False
3400,7254,7,9,True
9721,9262,7,7,False
4631,2766,0,6,True
5922,8663,5,9,True
1683,2574,3,5,True
4129,4660,9,7,False
892,278,2,2,False
5601,5221,8,6,False
5646,767,1,1,False
6176,9273,4,0,False
7584,1588,7,3,False
6933,9953,6,6,False
7551,8815,3,7,True
154,8599,1,9,True
6485,9312,8,6,False
3588,1687,8,8,False
1312,7389,8,6,False
1623,8514,0,0,False
271,5250,0,2,True
4773,8337,7,3,False
2094,6293,4,0,False
9437,6056,6,8,True
8542,9185,6,6,False
9627,2714,6,0,False
4688,1354,3,3,False
8456,8828,8,6,False
9398,4592,5,9,True
1626,4329,6,0,False
2429,9716,2,2,False
4316,5194,9,5,False
2646,6361,7,7,False
1602,1518,6,2,False
9709,8839,5,9,True
179,6057,8,2,False
2899,854,0,0,False
642,2765,0,0,False
6059,2582,3,9,True
3449,2968,3,7,True
6402,1372,6,2,False
7663,7755,8,8,False
8610,9281,4,0,False
550,1183,7,9,True
5849,7878,2,8,True
3590,3110,5,3,False
6460,2486,4,6,True
1584,2447,8,4,False
225,9187,2,8,True
5763,6016,2,0,False
502,2274,5,9,True
6810,6523,2,8,True
8378,8501,4,0,False
4569,4818,5,3,False
7969,7397,1,5,True
1739,6654,0,8,True
1704,9530,1,9,True
2367,5047,6,4,False
2220,8045,7,1,False
828,9811,2,2,False
4674,1844,1,1,False
5603,5226,0,8,True
2158,5987,2,0,False
4739,2470,0,8,True
15,3573,5,7,True
8793,885,2,6,True
8504,9479,9,3,False
7409,1353,6,8,True
2176,6926,2,6,True
4157,4211,0,6,True
5816,3153,4,8,True
2348,2068,3,9,True
2453,6053,3,5,True
6779,1307,0,6,True
6523,6140,8,0,False
4064,7869,7,1,False
8919,5613,8,0,False
4335,104,3,9,True
6961,8146,1,9,True
57,1393,1,5,True
4585,4556,9,9,False
90,4143,3,9,True
4101,1653,9,5,False
8635,7037,8,0,False
7756,5146,9,3,False
6821,3851,3,1,False
8011,3534,4,4,False
867,9341,2,2,False
6403,8848,8,6,False
569,1100,3,7,True
7739,2784,2,2,False
2908,5242,9,9,False
5118,8212,8,0,False
7693,1047,0,0,False
6208,4349,7,1,False
3531,5651,3,1,False
3093,9027,5,3,False
4929,3427,4,6,True
8100,8805,1,7,True
7515,8976,9,1,False
2557,503,0,2,True
8818,6467,0,8,True
6607,650,2,6,True
4076,9891,5,9,True
1779,6564,3,3,False
4330,4433,5,7,True
7676,4955,5,7,True
2562,7473,6,4,False
4220,5575,3,9,True
6352,9639,2,4,True
9445,5576,3,7,True
3520,8912,6,8,True
7243,2129,9,9,False
2002,5066,6,6,False
9620,9478,9,5,False
5556,3304,4,6,True
6038,238,6,4,False
203,4846,1,9,True
3032,3560,0,6,True
9407,5598,1,5,True
3286,7717,9,1,False
5936,7394,4,4,False
5711,5112,5,1,False
848,8545,1,1,False
4570,3642,9,3,False
9435,3715,1,3,True
9187,3626,8,8,False
5857,566,8,6,False
5060,2538,9,9,False
8162,3637,3,7,True
5287,8371,7,9,True
8754,9609,4,8,True
577,8432,3,1,False
2741,7433,2,8,True
2428,4136,6,8,True
8689,2527,8,0,False
7055,6326,3,7,True
6705,405,4,4,False
7008,7248,9,3,False
675,8690,1,9,True
6620,437,5,3,False
5990,8818,0,0,False
9287,1876,9,1,False
9919,3328,7,7,False
1216,8461,7,3,False
5444,4617,4,0,False
9798,7537,2,0,False
4649,3306,6,0,False
453,1699,3,7,True
2228,3448,1,3,True
9035,7658,5,1,False
4375,4611,8,0,False
886,5260,6,4,False
5096,9575,4,8,True
6528,3822,2,6,True
4761,856,9,5,False
8277,8306,3,1,False
7286,9260,7,5,False
6135,3619,1,5,True
9507,1582,9,1,False
2209,1556,0,8,True
5371,3527,7,3,False
687,5114,3,7,True
1084,69,0,0,False
767,7995,1,3,True
2565,4708,7,1,False
8610,4777,4,8,True
8920,3797,9,5,False
7738,2723,1,3,True
2519,6501,1,3,True
9927,404,4,2,False
6748,2474,1,7,True
9844,550,1,7,True
3453,5017,7,9,True
2237,9749,5,5,False
6007,8062,7,5,False
5304,3875,6,4,False
4457,4790,0,6,True
7305,9476,6,2,False
6157,7651,9,9,False
8252,3026,1,1,False
7118,272,9,1,False
3504,8289,9,1,False
4012,1288,4,0,False
6841,7971,0,8,True
6752,9310,0,0,False
8476,6288,8,0,False
5981,8224,5,5,False
6023,6121,3,7,True
914,7313,8,8,False
4911,7013,4,2,False
7084,1482,0,6,True
6684,7024,7,3,False
764,439,2,6,True
8635,7764,8,4,False
1482,9406,6,4,False
1673,2497,1,9,True
2968,5861,7,7,False
3128,5415,2,0,False
318,4081,2,6,True
9013,7270,5,1,False
6939,7751,2,4,True
7186,7015,4,2,False
2796,8732,6,6,False
306,9312,2,6,True
152,370,5,7,True
2639,4931,3,1,False
4950,7283,2,4,True
1013,8784,9,9,False
1412,2836,2,4,True
2805,768,5,1,False
8957,3452,3,1,False
9373,3731,6,2,False
8793,9866,2,4,True
7732,2035,5,5,False
6242,5637,7,1,False
2731,5528,3,5,True
5333,2216,9,9,False
1922,7965,1,5,True
8875,5977,1,9,True
8371,6508,9,9,False
2681,1750,3,7,True
351,2456,5,9,True
4749,7634,5,9,True
3354,1743,1,9,True
2858,7808,9,5,False
7986,3401,2,0,False
1671,5471,7,7,False
9096,751,1,5,True
6381,7950,3,7,True
1059,3621,4,4,False
8471,2684,3,3,False
4543,7015,8,2,False
5749,9189,8,0,False
1129,1714,1,9,True
5729,5209,8,8,False
1272,454,5,9,True
7180,8940,7,5,False
2504,5465,1,7,True
6811,5602,3,9,True
6632,8028,9,9,False
1132,5440,2,4,True
4123,7671,8,0,False
1205,6702,3,1,False
8960,2005,4,4,False
5867,9238,5,3,False
7426,1192,9,9,False
8686,7228,5,1,False
9331,1750,5,7,True
5123,3901,4,6,True
3330,6246,2,2,False
4383,853,9,7,False
1663,1203,8,0,False
8220,7376,4,4,False
7770,1587,8,6,False
1152,3119,9,5,False
7322,4492,9,3,False
8093,2240,9,7,False
8915,9704,2,0,False
9937,1332,2,6,True
5921,732,2,6,True
757,4217,4,4,False
4321,7974,9,5,False
5929,6355,0,6,True
8373,1185,0,8,True
1537,931,6,4,False
4161,5969,2,4,True
7208,892,8,2,False
3282,9129,4,2,False
4811,3589,7,7,False
1295,605,1,7,True
1610,100,0,6,True
4671,3422,8,6,False
8724,2400,1,5,True
5685,5507,0,2,True
7755,8990,8,6,False
5941,4069,9,1,False
8063,610,6,4,False
8287,7310,6,6,False
6806,7576,8,6,False
7641,214,9,9,False
5953,1510,1,5,True
3504,3059,9,7,False
8087,3045,3,3,False
7855,1249,0,8,True
8383,1901,9,9,False
6411,8370,9,3,False
9693,6553,6,4,False
1149,6327,8,8,False
9419,4328,7,1,False
7950,1087,7,5,False
6030,4009,3,9,True
7577,8459,5,1,False
8767,3639,7,1,False
5488,1531,5,3,False
7716,435,2,8,True
1261,7004,0,8,True
7821,3993,3,7,True
1366,5460,7,1,False
3990,124,1,7,True
2866,1800,6,6,False
6892,1965,0,2,True
3043,4601,0,8,True
3236,7944,7,1,False
3213,5913,7,5,False
121,7794,4,2,False
2909,4901,5,9,True
1163,7004,4,8,True
5261,7195,7,5,False
5852,6910,5,9,True
233,9236,8,0,False
459,1865,0,4,True
4557,3832,6,2,False
9335,4682,1,9,True
3320,812,1,5,True
7045,9426,4,6,True
8533,7071,3,9,True
3004,2122,2,2,False
9189,1567,0,8,True
5581,3839,6,2,False
9098,7609,4,2,False
5082,5139,4,0,False
7001,233,2,8,True
1947,6492,2,8,True
8161,6532,2,0,False
8535,9191,0,2,True
5478,9449,8,8,False
5065,9152,8,4,False
8185,6361,5,7,True
1691,3109,1,7,True
8040,8567,6,0,False
4574,6790,1,3,True
6214,111,9,7,False
5865,8141,0,4,True
8777,6405,3,5,True
7750,5229,3,5,True
1101,7761,8,6,False
1370,5252,5,1,False
6153,7159,8,6,False
4925,5144,3,9,True
2176,405,2,4,True
8645,663,5,1,False
5769,6291,5,5,False
9769,2282,9,5,False
1009,582,0,8,True
1670,6235,5,9,True
6517,8160,3,5,True
9959,2188,8,0,False
0,9248,7,7,False
3834,6610,3,9,True
8205,6301,4,6,True
8070,8536,3,1,False
9674,2749,1,7,True
8177,6016,6,0,False
1633,3145,1,5,True
4915,1752,5,5,False
8506,53,9,5,False
3835,4944,6,2,False
5721,4882,0,6,True
9494,986,6,6,False
1340,86,5,7,True
9142,7592,9,9,False
5273,195,3,3,False
6307,5662,7,5,False
6562,8336,2,6,True
224,7495,1,9,True
7114,2449,8,0,False
5202,4019,4,6,True
9671,3085,5,3,False
9101,8659,7,1,False
3670,195,3,3,False
6710,7352,9,5,False
4670,2523,1,7,True
5230,5065,6,8,True
2431,2027,3,1,False
9237,1356,8,2,False
8550,5695,2,0,False
4781,3041,7,9,True
7250,4551,3,7,True
6017,9767,7,9,True
8635,5475,8,2,False
4532,7854,3,9,True
2463,716,7,1,False
4976,1973,4,8,True
2816,1317,1,3,True
8005,1661,1,3,True
7541,6874,5,7,True
2816,9610,1,9,True
9385,9793,8,6,False
8274,3418,9,7,False
9534,2323,7,9,True
1432,2052,2,8,True
9413,3692,7,7,False
2661,524,1,3,True
783,7568,1,3,True
3472,5203,9,1,False
7725,2293,1,9,True
8447,1838,5,1,False
4569,4454,5,9,True
4122,7246,9,9,False
5010,3130,6,6,False
4901,4835,9,9,False
3746,2519,3,1,False
3334,2171,5,1,False
351,8987,5,5,False
8162,1781,3,9,True
1327,5582,9,9,False
4954,5723,2,2,False
3786,954,1,9,True
4357,5017,7,9,True
2217,7316,0,4,True
1767,8648,4,2,False
79,4561,7,7,False
7069,6663,7,7,False
734,2892,3,9,True
4711,3295,5,5,False
6949,5717,2,2,False
9202,1804,3,3,False
8793,704,2,0,False
5712,7545,6,8,True
4576,1161,4,6,True
2662,5343,2,8,True
859,3255,7,1,False
4889,8217,2,8,True
4525,6739,1,3,True
2846,2780,6,2,False
7892,8875,9,1,False
2638,5278,0,8,True
363,7843,2,6,True
884,8562,0,4,True
53,4940,5,3,False
3254,3577,6,2,False
615,9941,1,5,True
994,1316,1,1,False
9571,7353,9,1,False
866,6542,5,3,False
8015,8790,8,4,False
2258,5638,1,3,True
6121,1128,7,3,False
8850,1910,1,5,True
6939,5484,2,6,True
2397,2124,2,4,True
2983,7191,9,1,False
9140,7322,1,9,True
6191,9930,0,0,False
3768,3665,0,6,True
5105,3234,2,4,True
9758,3202,3,7,True
4445,9597,2,2,False
4805,3923,2,6,True
1862,564,4,0,False
6810,5157,2,2,False
788,7744,9,7,False
2107,8517,8,6,False
1708,8919,0,8,True
4858,9998,1,5,True
8247,2005,4,4,False
6991,6063,5,1,False
4068,6021,8,4,False
6903,8599,9,9,False
2464,6433,4,4,False
9547,2971,2,2,False
1614,9053,4,6,True
4106,5587,3,9,True
3610,116,4,4,False
3574,591,0,8,True
9714,4468,0,4,True
8038,152,5,5,False
4149,6296,2,8,True
612,9062,2,2,False
1683,2844,3,7,True
2359,6817,1,9,True
9447,483,7,5,False
3657,6878,6,2,False
9185,3406,6,8,True
2332,7280,7,1,False
5158,8723,3,9,True
3939,940,6,6,False
7620,4310,3,5,True
4603,1405,1,5,True
9912,6988,1,9,True
9498,565,0,4,True
9813,2350,4,2,False
1763,7988,3,5,True
4176,3219,2,0,False
8276,8907,4,2,False
1848,1346,7,7,False
505,8784,3,9,True
4580,235,1,9,True
1485,6350,2,6,True
9559,1406,3,5,True
7500,8039,8,4,False
4441,376,6,4,False
5442,3936,1,7,True
3554,2208,6,8,True
2144,8562,6,4,False
2846,297,6,0,False
3194,9215,4,2,False
1960,1688,8,6,False
989,3224,6,8,True
1156,5794,7,1,False
6559,1337,4,2,False
3495,3870,4,0,False
8191,6178,6,8,True
573,3838,3,7,True
1721,9106,7,3,False
241,8488,9,1,False
3903,3912,0,2,True
8982,9265,5,1,False
5376,8730,8,0,False
7645,9474,7,3,False
8227,1217,9,9,False
4573,2602,2,2,False
2126,5694,2,6,True
9237,7086,8,0,False
4744,4452,8,8,False
5313,7695,7,7,False
686,1385,3,9,True
6663,1618,7,5,False
1978,3205,4,8,True
2393,2713,8,0,False
2919,4295,5,7,True
9218,578,9,3,False
4690,97,7,7,False
6040,4893,0,4,True
3831,5482,9,7,False
436,379,8,4,False
5494,4716,2,2,False
2558,2348,5,3,False
9330,9798,8,2,False
5288,8116,8,6,False
8141,431,4,8,True
4998,4431,4,4,False
2604,8334,5,9,True
8499,6025,6,4,False
3091,7555,8,0,False
6541,1138,2,2,False
5588,6601,1,1,False
6339,1346,7,7,False
4836,36,3,7,True
7099,1621,8,0,False
9594,2760,1,9,True
2958,39,9,1,False
4558,6070,4,8,True
9512,1583,4,8,True
3499,9347,8,4,False
5637,4700,1,9,True
1531,6451,3,9,True
1005,5642,9,1,False
3160,5606,9,3,False
4614,4296,0,2,True
8814,373,6,8,True
6624,3997,3,7,True
4732,2448,1,9,True
4562,5526,2,0,False
7587,2433,2,2,False
6582,2454,4,6,True
2045,9081,3,1,False
9351,4839,2,8,True
4551,7416,7,7,False
9158,9865,0,0,False
8085,6080,0,8,True
5449,9826,2,0,False
6190,3027,9,1,False
1956,7210,4,6,True
7212,9146,2,6,True
3272,7565,1,7,True
6119,4450,7,1,False
7476,9108,3,7,True
966,5661,9,1,False
981,4860,0,4,True
8272,7479,3,3,False
6527,1595,1,7,True
5758,3374,4,8,True
5753,32,9,3,False
243,2522,7,3,False
532,3731,4,2,False
5222,2548,5,9,True
7810,3242,0,0,False
6404,3072,8,8,False
4031,3955,5,5,False
3843,1130,1,9,True
2458,9817,6,8,True
2139,5289,3,9,True
8324,8922,1,1,False
658,5021,7,5,False
7620,99,3,9,True
2192,4120,5,3,False
912,1385,3,9,True
545,581,0,0,False
4091,9886,0,6,True
7209,3401,6,0,False
395,8035,5,5,False
8171,1281,3,5,True
1259,8602,8,2,False
9007,1473,3,5,True
4833,5029,3,9,True
3000,9585,6,0,False
3468,9283,5,3,False
8233,5000,1,3,True
6483,4190,5,1,False
7660,5960,8,8,False
9252,847,9,3,False
587,5109,6,0,False
7957,5381,4,2,False
6961,1821,1,9,True
7388,7859,5,5,False
7283,580,4,8,True
5830,5104,0,4,True
7219,7211,7,3,False
6138,6979,4,0,False
8584,2042,2,0,False
7955,1101,2,8,True
9714,4986,0,8,True
9709,9465,5,5,False
6271,4404,4,0,False
1684,3897,5,3,False
102,7592,5,9,True
3422,7153,6,4,False
5322,2994,4,6,True
6147,7639,7,3,False
7317,3429,0,4,True
6960,558,7,9,True
6526,9179,0,0,False
5009,7375,9,7,False
9381,9453,4,4,False
8884,9532,6,6,False
5661,9864,1,7,True
4664,4436,3,9,True
9353,8877,4,8,True
3312,3053,5,5,False
468,7360,7,9,True
5801,3680,6,0,False
7644,1731,3,3,False
3548,4072,3,5,True
9796,3005,1,9,True
5051,8102,0,2,True
5220,8144,9,7,False
4925,7081,3,9,True
2938,6861,4,4,False
1859,7705,8,6,False
4610,4973,9,3,False
6902,9731,1,7,True
7121,5665,8,6,False
2457,1297,4,0,False
8577,2778,4,4,False
9211,6294,4,6,True
3334,8192,5,5,False
7675,7905,3,3,False
8015,3319,8,8,False
47,4716,2,2,False
2602,2905,2,8,True
1064,8515,2,6,True
2333,5484,0,6,True
492,2498,2,4,True
1423,7475,9,5,False
1108,9621,6,0,False
5835,7318,7,9,True
6825,96,7,1,False
2178,7342,0,0,False
6731,476,7,1,False
3707,4351,8,0,False
5553,7019,1,1,False
5324,6739,7,3,False
8096,2592,6,0,False
6656,8134,9,7,False
9742,6930,3,3,False
5744,6297,8,8,False
9568,7670,6,6,False
6688,6105,1,7,True
6162,4509,1,3,True
6525,68,5,3,False
2081,1995,0,0,False
871,872,0,8,True
2607,4682,7,9,True
3456,2698,3,5,True
3112,2721,8,6,False
7662,368,4,6,True
1943,2206,6,4,False
584,893,1,9,True
1138,1751,2,4,True
1293,7575,6,2,False
9497,9370,9,3,False
3982,9751,0,2,True
8426,8415,9,5,False
599,9543,9,7,False
7825,9743,7,7,False
9837,1750,7,7,False
8312,1485,4,2,False
8394,1587,2,6,True
1884,2941,1,9,True
9233,5738,1,1,False
9327,8632,7,5,False
408,8391,3,7,True
6691,8258,6,8,True
521,9973,9,9,False
2804,1989,4,4,False
8233,2048,1,7,True
9687,7121,0,8,True
8126,9283,9,3,False
9148,5423,6,8,True
7167,4168,1,1,False
6885,9686,2,2,False
5568,553,6,8,True
824,281,1,9,True
2384,6962,0,0,False
2007,9866,4,4,False
7780,2656,0,0,False
482,8723,7,9,True
1716,9328,7,7,False
7848,9605,2,4,True
7240,6101,5,1,False
1034,4521,0,2,True
7578,7531,5,5,False
8868,9138,0,6,True
5720,156,4,6,True
3111,1761,7,5,False
3480,4520,1,5,True
7381,2491,0,2,True
6549,620,6,0,False
6470,8191,0,6,True
2422,7894,6,2,False
5362,3224,4,8,True
9286,9880,8,2,False
4195,5017,1,9,True
1735,7925,4,6,True
9192,4717,3,1,False
9692,2528,9,9,False
2377,2322,7,5,False
72,6693,2,6,True
9438,5185,1,3,True
2744,2838,8,2,False
6045,4444,3,9,True
429,1224,8,2,False
3362,6328,6,0,False
891,82,2,2,False
8208,1717,2,8,True
533,3458,4,0,False
4895,5836,8,8,False
671,8696,9,5,False
4515,6893,0,6,True
8903,3639,3,1,False
952,5244,6,0,False
4726,5967,8,8,False
4069,4073,1,7,True
2944,7438,0,6,True
8014,4840,3,9,True
4396,2593,4,0,False
1408,2907,0,4,True
9690,6204,7,3,False
4103,1658,2,2,False
3382,1390,6,0,False
753,6496,3,9,True
175,2692,7,9,True
4698,5085,6,6,False
8976,9438,1,1,False
808,7701,3,7,True
1783,7320,7,7,False
2647,6917,3,1,False
7248,4552,3,3,False
7486,4396,2,4,True
264,2749,9,7,False
2748,3749,0,6,True
7321,7093,2,2,False
2715,7378,4,8,True
4357,1105,7,9,True
5700,8786,3,7,True
1611,8432,3,1,False
9777,7199,5,9,True
4888,6441,5,7,True
1062,8089,3,5,True
4380,4614,8,0,False
3332,3229,4,2,False
3608,1782,0,8,True
364,1309,5,9,True
6297,7516,8,0,False
5986,9826,4,0,False
867,3899,2,2,False
833,7573,9,7,False
8271,113,3,9,True
3058,4656,6,2,False
3062,4908,8,6,False
2762,6248,6,8,True
8199,6189,0,8,True
9625,6824,4,6,True
8319,735,9,1,False
6055,6092,9,1,False
4916,981,4,0,False
6675,8148,6,6,False
4254,2400,5,5,False
2564,5800,7,9,True
5481,9122,6,6,False
8234,506,7,1,False
1014,376,6,4,False
755,7091,1,1,False
3813,8264,8,4,False
167,7875,5,3,False
2739,8547,8,8,False
2627,8295,0,2,True
2765,5950,0,8,True
469,9769,5,9,True
6113,8425,6,0,False
4141,9601,8,0,False
9829,3619,9,5,False
699,168,3,1,False
4621,1992,3,9,True
314,3699,1,1,False
1632,1475,6,6,False
3463,8921,4,0,False
9520,8833,1,7,True
9765,5064,7,7,False
4814,7909,6,2,False
2544,927,9,3,False
2195,9497,7,9,True
3891,9570,9,1,False
9405,9442,0,2,True
6191,4388,0,6,True
3865,9922,4,4,False
7245,3714,2,6,True
4677,154,7,1,False
6311,4629,2,8,True
9585,2649,0,0,False
1286,9700,8,2,False
9348,2270,1,7,True
920,2569,1,5,True
4605,7246,3,9,True
3954,9906,8,4,False
5781,593,9,9,False
1837,6652,3,1,False
7182,8640,9,9,False
9883,1366,5,7,True
4534,1752,9,5,False
9487,8351,2,0,False
5932,5737,0,0,False
4311,4433,3,7,True
5881,3186,8,8,False
1156,5699,7,1,False
4013,9965,1,3,True
1576,3285,7,3,False
9419,6791,7,7,False
9412,4579,4,6,True
487,6634,9,1,False
8547,932,8,0,False
9717,5535,3,1,False
3702,5786,5,1,False
2739,3988,8,8,False
2969,2843,5,7,True
1059,4718,4,0,False
8407,3287,3,9,True
3225,8480,7,7,False
7742,7936,5,3,False
6728,1729,5,1,False
2502,767,3,1,False
2726,9116,2,8,True
4378,8512,5,7,True
3880,7765,8,8,False
7527,8979,1,1,False
4271,8439,5,1,False
9464,7458,1,3,True
7863,5971,9,9,False
9595,2764,2,0,False
630,7715,9,5,False
7780,7349,0,2,True
3357,9098,4,4,False
751,1280,5,1,False
1103,7519,9,3,False
5074,2175,3,1,False
1204,6767,3,3,False
6656,4700,9,9,False
7151,5611,2,8,True
863,431,2,8,True
9757,4661,0,4,True
6815,2885,7,1,False
2245,6975,1,3,True
3292,4605,7,3,False
8172,8576,0,0,False
2990,1907,8,0,False
1669,6086,8,4,False
725,7964,1,9,True
9917,3640,8,0,False
5315,9828,9,3,False
5384,1131,1,5,True
7186,4482,4,2,False
6896,7433,6,8,True
6555,1035,8,6,False
6180,9476,2,2,False
9676,4436,9,9,False
4282,66,0,6,True
128,7364,8,2,False
3010,1358,3,1,False
37,988,1,1,False
7744,7393,7,5,False
5584,8574,0,8,True
2557,4923,0,0,False
7038,7420,6,2,False
6023,6054,3,7,True
8311,7086,6,0,False
9640,1226,7,7,False
5349,876,8,8,False
9905,7583,3,5,True
2647,3778,3,5,True
7861,8115,7,3,False
9864,8049,7,5,False
3671,936,6,8,True
9051,5287,1,7,True
2251,2130,4,4,False
8518,4006,3,1,False
5800,8390,9,1,False
5452,4634,0,8,True
7837,1340,9,5,False
999,9089,9,9,False
4201,3175,1,1,False
8980,6039,1,9,True
651,7292,7,3,False
8071,7052,4,0,False
419,5512,1,7,True
402,8781,3,9,True
2378,8522,0,8,True
2369,3808,5,7,True
6685,3514,6,2,False
6685,91,6,6,False
8467,778,9,5,False
3929,6112,5,9,True
8222,1224,4,2,False
6197,6993,6,2,False
4804,384,0,6,True
4645,8781,5,9,True
3092,108,1,9,True
8288,5560,9,7,False
3978,7904,6,6,False
2142,7921,8,8,False
2710,9968,7,7,False
7347,7636,9,1,False
3614,5851,6,4,False
3747,3810,1,5,True
6358,9744,8,8,False
7283,7208,4,8,True
8824,8567,6,0,False
6782,452,6,2,False
7997,4806,5,1,False
1021,550,7,7,False
9724,477,0,2,True
1504,5300,0,8,True
5385,7696,2,4,True
6730,5384,7,1,False
5313,4340,7,5,False
8315,8484,2,4,True
8865,5417,0,2,True
6073,8010,1,3,True
6160,2574,3,5,True
8791,1310,7,3,False
746,7171,7,1,False
6184,3378,3,7,True
5784,6827,9,9,False
222,6732,2,2,False
5629,6262,2,8,True
8231,2283,1,1,False
351,7638,5,1,False
6237,6612,6,8,True
3421,4338,1,5,True
1456,7330,6,0,False
806,5255,8,0,False
6094,8917,6,4,False
6189,467,8,2,False
6135,2444,1,1,False
813,5408,9,3,False
5879,9473,2,4,True
3019,7869,1,1,False
1774,1955,8,8,False
732,800,6,8,True
2280,1483,3,1,False
4281,3273,0,6,True
4201,3171,1,5,True
875,6641,2,8,True
3817,4576,2,4,True
8278,7213,0,6,True
7838,712,0,4,True
351,6619,5,7,True
8311,6760,6,0,False
5625,3504,3,9,True
2981,7135,2,2,False
1935,1897,7,1,False
2680,3043,4,0,False
6424,1158,0,4,True
9267,5449,4,2,False
3487,6445,3,1,False
5141,3958,0,2,True
7025,5534,9,1,False
8660,2279,3,5,True
9306,3016,6,0,False
2966,9159,9,5,False
6101,2515,1,5,True
8538,6292,1,7,True
2137,6880,1,5,True
941,8115,7,3,False
8843,7935,8,2,False
7914,3322,6,0,False
3003,700,1,1,False
8293,8250,3,9,True
5003,1662,8,6,False
5720,2938,4,4,False
5395,9937,4,2,False
831,8257,1,7,True
5965,8613,0,4,True
9506,3980,8,0,False
461,3517,6,4,False
9397,9970,9,5,False
9725,6415,1,5,True
1310,9407,3,1,False
649,2364,7,3,False
8653,3199,5,5,False
6943,7216,6,0,False
4069,8049,1,5,True
172,1246,2,0,False
1992,2377,9,7,False
8312,5175,4,4,False
5345,5834,4,6,True
7078,1364,6,8,True
3633,1391,8,4,False
1173,8201,7,3,False
9422,3011,5,7,True
4509,1171,3,7,True
2970,9144,5,9,True
8964,5882,5,3,False
118,356,9,5,False
7570,9006,2,2,False
1724,1572,4,8,True
5812,5931,0,2,True
3642,604,3,5,True
9795,6255,1,3,True
4126,4672,8,0,False
1670,889,5,1,False
5692,5335,2,4,True
1934,6716,1,5,True
4138,6139,1,3,True
3310,8294,0,8,True
4615,8294,2,8,True
3854,3649,7,1,False
1820,5122,1,7,True
294,4136,0,8,True
679,3928,7,5,False
5068,3313,4,8,True
5679,9784,1,9,True
4581,9430,3,3,False
9894,2982,7,1,False
2092,9325,2,0,False
2575,5181,3,3,False
7809,9153,5,9,True
944,8360,3,1,False
2433,5059,2,8,True
3984,788,9,9,False
1733,6841,6,0,False
8099,1761,1,5,True
333,8376,5,1,False
7361,7925,4,6,True
1855,1364,8,8,False
4750,4265,8,4,False
9531,6983,6,4,False
4970,3027,7,1,False
7964,3975,9,3,False
9314,2278,7,7,False
5384,6096,1,3,True
180,4407,1,9,True
9893,3853,2,6,True
559,8116,6,6,False
9610,3469,9,3,False
9060,3830,0,0,False
1754,8596,7,9,True
9327,8940,7,5,False
6695,1590,4,0,False
4864,8020,1,1,False
7361,1188,4,0,False
7219,4064,7,7,False
6591,3934,6,8,True
5786,2258,1,1,False
5272,7999,2,8,True
3521,101,8,0,False
608,1187,0,2,True
267,5971,1,9,True
1009,8369,0,4,True
1885,2268,1,7,True
8054,9687,4,0,False
6820,3560,2,6,True
175,3558,7,5,False
6625,611,8,0,False
3397,4631,4,0,False
7387,4536,6,6,False
8120,3070,3,1,False
6664,4078,3,9,True
1559,3214,9,1,False
7220,9226,8,6,False
2348,6447,3,3,False
3591,191,5,1,False
2099,1185,8,8,False
5174,3788,5,5,False
8740,224,1,1,False
4084,7650,3,7,True
6724,6408,7,1,False
9051,8331,1,5,True
7253,6046,1,3,True
9034,28,4,0,False
8389,8822,0,4,True
9852,4108,7,5,False
162,1489,5,3,False
9184,2490,5,7,True
9596,2417,8,0,False
7894,7225,2,0,False
274,2756,9,3,False
2433,9148,2,6,True
7237,1274,2,4,True
5625,9520,3,1,False
9647,6130,0,6,True
2189,9573,9,7,False
9042,6705,8,4,False
3200,5935,9,3,False
5749,9514,8,6,False
525,4958,0,0,False
2070,4623,7,7,False
9124,6658,1,9,True
4910,4284,9,9,False
6542,9713,3,9,True
6739,180,3,1,False
46,3630,1,3,True
6804,2163,6,8,True
9177,351,3,5,True
4116,24,8,4,False
4520,4295,5,7,True
5981,4856,5,9,True
4813,3091,4,8,True
6358,1047,8,0,False
4723,5292,2,2,False
691,1852,8,6,False
5017,478,9,5,False
4282,9688,0,0,False
1398,4370,8,0,False
7881,3060,1,9,True
5495,9041,8,6,False
8367,7498,1,5,True
1451,1196,2,6,True
755,4498,1,7,True
1297,425,0,4,True
5598,5180,5,7,True
3185,4113,0,2,True
9533,7462,5,9,True
4703,8986,3,1,False
3032,1336,0,2,True
2054,8151,9,7,False
3242,631,0,8,True
6236,8684,5,3,False
8008,4646,7,1,False
2974,3111,1,7,True
1488,4724,4,8,True
3338,6763,9,3,False
4436,6119,9,7,False
4973,6980,3,9,True
4481,7604,4,2,False
8913,486,0,8,True
1418,3189,9,7,False
9951,4017,0,4,True
4038,6305,2,2,False
5534,3294,1,7,True
8411,4781,3,7,True
7070,6828,8,2,False
4884,3451,9,7,False
4438,2401,4,4,False
8104,6398,6,0,False
332,9151,1,7,True
3757,3042,8,4,False
9711,6905,7,9,True
6114,2102,0,8,True
1186,6008,7,1,False
2382,4668,8,2,False
9400,5359,5,3,False
558,4436,9,9,False
9766,2512,4,8,True
381,1799,3,7,True
6417,8349,4,6,True
9924,3083,9,3,False
2804,1960,4,8,True
6730,8487,7,5,False
7894,3768,2,0,False
7239,8547,6,8,True
2147,9,9,9,False
3518,5593,6,0,False
6676,2555,3,3,False
8283,4241,0,0,False
3340,6327,8,8,False
6638,7063,5,1,False
2865,5081,3,1,False
8523,1315,9,3,False
3847,5743,0,6,True
6276,9671,1,5,True
1822,9439,6,0,False
2344,6310,7,1,False
2829,5330,5,3,False
2045,1172,3,3,False
9748,7574,8,4,False
2335,6622,1,1,False
7760,2452,7,5,False
6925,2645,0,4,True
76,5471,3,7,True
5230,2898,6,4,False
2669,873,2,2,False
7605,2698,7,5,False
8076,835,9,1,False
5127,1713,2,0,False
864,5851,8,4,False
6759,8217,4,8,True
4111,4039,9,1,False
1298,2290,3,7,True
66,6444,6,0,False
1327,9992,9,9,False
4013,2684,1,3,True
1967,3092,5,1,False
4488,6647,6,4,False
7907,8384,0,8,True
6482,1555,1,1,False
6015,1324,0,8,True
5844,8895,6,0,False
5215,3692,3,7,True
1568,4253,8,8,False
1540,4979,7,5,False
9991,1692,8,0,False
491,6690,5,3,False
9592,1437,4,4,False
3756,7682,5,9,True
9968,2045,7,3,False
7304,3296,5,7,True
8537,3570,9,5,False
8266,1059,8,4,False
9069,2273,9,1,False
418,7953,2,0,False
3200,4013,9,1,False
6978,5411,0,6,True
4462,738,0,2,True
8903,4624,3,7,True
5805,4973,9,3,False
1296,8936,6,2,False
6450,8983,8,0,False
8,8356,5,7,True
1985,2600,4,8,True
7636,856,1,5,True
1318,4074,1,1,False
4099,6120,7,5,False
4320,1621,0,0,False
310,2515,3,5,True
1531,5790,3,9,True
4860,8353,4,2,False
3840,2270,9,7,False
3500,3554,4,6,True
2887,5318,7,1,False
297,9987,0,4,True
7492,5039,2,4,True
647,1284,1,3,True
3344,2318,6,0,False
2455,2552,0,8,True
2262,2555,7,3,False
8505,4944,8,2,False
3579,3944,3,3,False
7147,3435,2,2,False
1535,7994,0,2,True
6105,730,7,7,False
3974,6883,1,1,False
3744,2543,6,8,True
7141,1141,7,7,False
4196,3277,5,7,True
6398,8635,0,8,True
7282,7028,3,7,True
8098,4346,0,6,True
3870,1182,0,6,True
6756,3505,7,7,False
8743,418,4,2,False
9951,3063,0,6,True
8445,1110,5,7,True
1175,1338,7,1,False
1266,4278,6,0,False
3985,1204,9,3,False
2925,5154,5,7,True
6085,6017,3,7,True
8046,293,8,2,False
4513,6056,8,8,False
2719,9314,1,7,True
6205,3072,4,8,True
1119,9692,7,9,True
7311,9235,3,3,False
3592,87,9,3,False
6087,4073,5,7,True
4804,9646,0,4,True
6671,1361,9,7,False
8663,383,9,7,False
5527,5238,9,7,False
7341,8806,4,8,True
2114,4408,5,9,True
5503,925,9,3,False
2913,7351,5,5,False
2742,8124,9,7,False
5074,9503,3,5,True
2014,753,9,3,False
6180,2811,2,0,False
9592,5569,4,8,True
1911,1772,5,7,True
1246,2793,0,8,True
3113,2243,5,7,True
4861,9305,7,3,False
3232,5586,4,8,True
6336,8209,8,8,False
710,7144,5,7,True
3611,6949,2,2,False
2453,9222,3,1,False
2494,4844,9,5,False
5949,2723,7,3,False
7066,2636,4,8,True
2123,5220,7,9,True
6279,7438,2,6,True
1617,6936,3,9,True
2984,3630,1,3,True
3430,4485,1,7,True
1392,5532,1,7,True
1643,8268,1,1,False
5144,8536,9,1,False
929,5144,1,9,True
7009,5511,4,6,True
2710,9505,7,7,False
1840,8215,3,3,False
4813,7803,4,8,True
6517,1772,3,7,True
3355,5149,2,2,False
7063,5732,1,1,False
1614,396,4,2,False
3484,4273,3,1,False
6767,2934,3,9,True
1399,8141,0,4,True
1292,3210,6,0,False
3525,9731,7,7,False
8270,3736,5,7,True
7524,5626,8,2,False
824,6155,1,5,True
1945,9767,1,9,True
7989,1516,0,4,True
4463,6017,5,7,True
2771,1942,4,8,True
7521,2893,5,3,False
7662,4149,4,2,False
2091,8716,7,3,False
4563,6862,1,3,True
9672,2058,4,2,False
2368,9525,4,4,False
9149,3942,6,0,False
325,2882,4,4,False
539,5676,2,4,True
9381,8474,4,6,True
9524,2151,3,3,False
2444,6124,1,9,True
8734,5050,7,9,True
6898,1387,8,6,False
6652,5370,1,1,False
8009,7225,8,0,False
7464,5735,9,5,False
6653,2484,7,7,False
6781,4842,0,4,True
4903,4130,1,7,True
2378,4599,0,6,True
4877,6767,1,3,True
7715,8603,5,3,False
8398,6008,7,1,False
7281,3205,2,8,True
3481,6442,0,8,True
7218,6922,4,6,True
4396,3768,4,0,False
8598,4271,3,5,True
586,2158,0,2,True
5906,3393,7,5,False
1593,6859,6,4,False
8351,8301,0,8,True
4744,2183,8,4,False
2964,9931,9,1,False
9504,6536,6,4,False
142,3843,3,1,False
8502,8076,5,9,True
1593,2007,6,4,False
5236,5467,8,6,False
1127,8620,3,7,True
9276,7129,4,0,False
8070,2189,3,9,True
8911,9561,7,3,False
9898,4032,1,1,False
9267,8958,4,8,True
983,2340,8,4,False
9516,4403,8,0,False
731,3366,2,4,True
2489,1502,4,8,True
8318,4223,2,4,True
8696,5491,5,9,True
7036,5071,5,7,True
5977,7174,9,9,False
9046,8153,2,2,False
8070,9009,3,7,True
2674,8128,1,1,False
5072,9308,1,3,True
9551,3435,4,2,False
5727,9405,6,0,False
3847,6785,0,2,True
1976,8651,3,7,True
6183,6325,2,6,True
8610,9807,4,8,True
2135,9174,6,0,False
1210,186,2,2,False
6074,5643,2,2,False
5501,6072,6,0,False
2486,3509,6,8,True
5988,4425,7,9,True
3810,9540,5,1,False
6712,1183,1,9,True
3943,6375,3,1,False
3182,2204,6,0,False
9180,3060,1,9,True
4359,7620,5,3,False
2050,3114,8,4,False
7290,4700,1,9,True
4936,9429,7,3,False
4350,290,2,8,True
5878,5566,3,1,False
3848,6318,7,9,True
9628,8267,7,9,True
1433,8614,8,0,False
5914,4833,7,3,False
1600,3673,3,1,False
9232,715,4,2,False
2331,7909,6,2,False
5652,5459,0,0,False
5219,4605,9,3,False
4760,4184,7,9,True
5048,5889,7,1,False
7508,8314,2,4,True
5224,2460,3,5,True
3216,7699,8,0,False
7405,4310,1,5,True
8670,6500,9,5,False
5363,4303,7,1,False
1545,1979,9,9,False
72,300,2,4,True
5192,222,2,2,False
1009,3405,0,4,True
2509,8098,4,0,False
6892,802,0,4,True
1383,9907,3,5,True
9031,5700,7,3,False
2234,2221,7,1,False
2875,8231,9,1,False
5614,8935,1,9,True
4843,9157,9,3,False
3238,2783,6,8,True
7597,9756,8,6,False
1990,6759,6,4,False
5162,5185,7,3,False
780,4073,3,7,True
3212,2168,2,8,True
7973,3885,1,9,True
3763,8181,5,9,True
7319,8471,1,3,True
4395,5818,6,0,False
8883,111,7,7,False
927,2776,3,3,False
4045,7034,6,8,True
9860,540,3,5,True
4992,9110,0,8,True
6097,5434,0,8,True
4732,7141,1,7,True
3127,8571,5,5,False
6107,1179,3,1,False
1791,5640,1,7,True
3128,802,2,4,True
4601,4496,8,8,False
8108,9001,2,6,True
3547,7545,2,8,True
6556,4830,1,5,True
4807,1441,8,8,False
487,2399,9,7,False
5177,4868,7,7,False
8809,7390,1,7,True
2085,4695,2,4,True
3436,6761,2,4,True
6853,6679,7,7,False
2259,2291,9,5,False
308,536,4,2,False
4795,7993,9,3,False
7370,6284,8,4,False
7865,7248,7,3,False
6057,1413,2,4,True
5168,630,3,9,True
1263,4375,4,8,True
40,5457,1,1,False
5271,8352,1,1,False
8316,4864,7,1,False
6300,7277,4,8,True
3026,7195,1,5,True
3286,3143,9,1,False
1855,2061,8,0,False
5175,1077,4,4,False
9181,8845,2,0,False
2775,5128,5,1,False
446,6180,6,2,False
7749,8969,2,2,False
933,3984,3,9,True
9936,1077,8,4,False
9352,8890,0,6,True
7026,87,3,3,False
5152,6875,5,3,False
5648,3971,8,4,False
3835,1461,6,4,False
9300,2300,7,3,False
5794,2586,1,5,True
1152,7019,9,1,False
2595,7784,7,1,False
5416,4501,1,3,True
4572,9716,8,2,False
8788,2342,5,9,True
9555,9538,6,4,False
8687,5201,6,4,False
440,24,0,4,True
5484,9987,6,4,False
9248,8428,7,7,False
4673,2427,9,3,False
6027,1711,2,2,False
5776,2719,1,1,False
438,7357,7,9,True
3670,5510,3,5,True
7330,7229,0,2,True
116,8135,4,8,True
1806,7602,7,5,False
841,7852,7,7,False
255,2594,7,3,False
1682,4439,2,6,True
23,4244,5,3,False
8424,244,2,2,False
8927,9082,8,2,False
9677,149,0,2,True
4782,7521,3,5,True
1471,6801,5,3,False
5170,4507,5,1,False
422,7365,9,3,False
2450,5246,3,7,True
9028,7715,9,5,False
2641,9629,0,8,True
2469,6395,6,8,True
2243,7707,7,9,True
1469,8606,3,7,True
807,883,3,3,False
3674,9138,8,6,False
8272,9175,3,3,False
9601,7550,0,4,True
5773,3248,7,3,False
4391,8503,7,9,True
4526,2239,3,1,False
8210,3976,9,7,False
1344,4124,6,8,True
5688,6880,7,5,False
3945,6631,2,8,True
1848,9378,7,1,False
8953,6606,9,7,False
8788,5970,5,1,False
9771,5784,7,9,True
3915,8051,4,4,False
5707,7303,9,1,False
7782,9318,0,2,True
3954,3481,8,0,False
6207,5475,6,2,False
7947,9352,4,0,False
8617,6242,7,7,False
8594,2251,2,4,True
6004,513,8,2,False
7890,523,1,1,False
3453,9431,7,3,False
1908,9634,6,0,False
2394,6109,4,2,False
9063,9626,3,5,True
6871,4469,7,3,False
5723,4197,2,4,True
8425,3176,0,2,True
1098,9727,3,3,False
3157,5503,5,9,True
5691,895,4,0,False
1404,2998,0,4,True
2794,2402,0,4,True
9098,6824,4,6,True
5295,5959,5,7,True
1092,2529,3,1,False
4901,5352,9,9,False
4341,5403,2,8,True
6205,4704,4,6,True
7074,4620,2,6,True
5793,9940,6,6,False
86,5635,7,3,False
9470,9052,2,0,False
3702,270,5,3,False
3861,8087,9,3,False
569,191,3,1,False
8565,3053,7,5,False
7724,2337,2,6,True
7367,1356,0,2,True
1379,9237,0,8,True
7402,88,4,6,True
152,6208,5,7,True
7746,1770,9,7,False
7012,9080,2,0,False
6186,6434,5,7,True
4027,6303,7,9,True
4776,6466,0,2,True
3006,7296,9,7,False
2142,6161,8,8,False
4024,6566,4,2,False
2544,4904,9,3,False
4698,5547,6,8,True
9026,57,9,1,False
3391,7466,6,6,False
3812,7902,3,7,True
6927,7147,0,2,True
7196,7027,6,8,True
4712,3742,5,3,False
1600,801,3,3,False
1299,5326,5,7,True
9711,6895,7,9,True
5264,5218,2,6,True
7454,3147,5,9,True
4800,2822,7,1,False
1349,8521,2,2,False
4940,4109,3,3,False
5497,5615,6,2,False
3283,9819,3,1,False
6124,99,9,9,False
9387,6781,0,0,False
7065,9659,3,9,True
6026,7632,7,7,False
67,9339,4,0,False
1796,9168,0,2,True
824,6164,1,7,True
6942,4828,5,5,False
6217,4043,2,0,False
4065,670,0,4,True
8795,5256,0,4,True
8120,7988,3,5,True
4025,6648,1,7,True
4913,3742,7,3,False
9029,4082,6,0,False
229,15,7,5,False
9846,7323,1,1,False
5301,390,0,2,True
3831,3643,9,7,False
9199,374,0,8,True
8673,6838,2,8,True
9433,7465,8,0,False
5916,7007,6,2,False
840,30,1,3,True
8972,6214,3,9,True
6289,205,3,3,False
845,872,0,8,True
396,3954,2,8,True
2954,5427,0,2,True
5298,3267,8,2,False
3234,7302,4,8,True
5612,8656,9,5,False
5359,3217,3,3,False
7926,81,8,6,False
8927,5292,8,2,False
9172,9566,7,7,False
4987,5536,4,2,False
9624,6338,3,1,False
861,5444,6,4,False
7034,9271,8,8,False
8824,3912,6,2,False
5622,673,9,9,False
4416,2108,6,2,False
9345,2857,1,9,True
9094,672,9,1,False
758,6891,9,1,False
7769,798,9,1,False
817,1977,6,6,False
8487,1683,5,3,False
3900,599,1,9,True
6235,2195,9,7,False
5180,3095,7,5,False
981,9312,0,6,True
3313,817,8,6,False
791,7214,5,3,False
2347,6487,3,9,True
7226,2948,1,5,True
794,9976,0,6,True
5947,3171,5,5,False
5668,8906,5,9,True
6001,4496,8,8,False
5294,770,4,4,False
7885,3187,4,6,True
6971,1198,0,8,True
2706,5616,1,3,True
1590,4920,0,2,True
7043,9587,9,9,False
2830,4745,6,4,False
9814,6670,5,1,False
5768,4452,6,8,True
1956,8619,4,0,False
1272,5759,5,1,False
9462,9263,8,8,False
2890,3448,7,3,False
8889,8828,2,6,True
4734,8097,2,8,True
7123,9566,1,7,True
5544,3272,1,1,False
425,6378,4,4,False
2248,6212,2,8,True
4004,7557,3,9,True
1061,3987,0,8,True
4465,4204,4,2,False
725,2591,1,7,True
5015,6830,9,7,False
7572,5008,2,0,False
7137,8217,4,8,True
5276,691,6,8,True
5165,3121,0,6,True
4405,5683,9,9,False
1655,5359,9,3,False
7503,6497,6,2,False
900,9252,1,9,True
4012,5926,4,4,False
4533,7807,1,9,True
5075,1546,8,2,False
6832,3753,5,7,True
6922,5763,6,2,False
1536,6566,6,2,False
5939,5714,7,7,False
9154,4253,2,8,True
2744,7889,8,0,False
9077,1684,7,5,False
5083,4689,5,5,False
3019,6758,1,1,False
5505,6773,0,2,True
2301,6598,7,5,False
9498,8081,0,4,True
6466,3012,2,8,True
5019,3373,3,7,True
9898,674,1,5,True
337,4122,7,9,True
8307,321,0,2,True
2417,7987,0,0,False
7420,2168,2,8,True
4940,1747,3,5,True
264,9458,9,7,False
9224,7694,4,8,True
4245,1860,9,5,False
6495,5799,8,2,False
670,2457,4,4,False
6256,8516,4,6,True
8908,6523,2,8,True
6661,2014,1,9,True
5703,9027,3,3,False
1219,5967,8,8,False
4441,3090,6,0,False
557,5375,7,9,True
9710,4112,6,8,True
9632,3364,6,8,True
4314,9160,9,5,False
8405,2718,8,6,False
7719,9177,3,3,False
6432,323,3,3,False
8683,9476,2,2,False
6776,1163,8,4,False
6807,4692,9,9,False
7897,7558,6,0,False
2341,3531,9,3,False
8198,303,2,2,False
5351,8982,5,5,False
8444,3292,5,7,True
1681,647,3,1,False
6982,1494,3,7,True
6863,8724,3,1,False
9840,1439,3,9,True
7247,144,1,7,True
6680,8398,1,7,True
6302,6954,9,7,False
7469,9951,2,0,False
8174,1585,2,2,False
8067,2498,0,4,True
7582,5897,1,9,True
448,938,9,3,False
3238,4361,6,0,False
786,8009,6,8,True
8679,5865,8,0,False
7447,2590,1,1,False
2191,5469,2,6,True
2604,129,5,5,False
7574,7815,4,2,False
9127,9596,6,8,True
6016,1149,0,8,True
7853,1536,8,6,False
9207,6804,6,6,False
3934,2210,8,6,False
3404,8304,9,7,False
1507,9395,7,1,False
3173,763,6,0,False
743,7816,6,6,False
5116,4197,6,4,False
8638,7019,7,1,False
6053,8254,5,3,False
3433,57,1,1,False
8637,8057,6,0,False
5008,3141,0,6,True
329,1405,1,5,True
2525,9544,5,9,True
9047,6399,4,6,True
7682,9166,9,7,False
2547,9501,7,3,False
6306,4196,7,5,False
525,1749,0,2,True
8304,3872,7,9,True
9029,2667,6,8,True
7299,663,1,1,False
5008,4387,0,2,True
5424,1498,9,7,False
5851,1106,4,6,True
7209,400,6,2,False
3946,6423,2,2,False
4710,8460,2,2,False
87,1392,3,1,False
8105,1158,8,4,False
6634,1180,1,1,False
7054,4849,2,8,True
6963,9916,7,7,False
2238,4174,7,9,True
9678,1751,6,4,False
7598,9279,7,7,False
4047,9144,9,9,False
1534,646,0,2,True
3448,8977,3,9,True
6738,1425,4,8,True
7292,8288,3,9,True
3568,8107,4,4,False
4340,5874,5,5,False
7434,1123,4,6,True
2094,5855,4,8,True
4298,8563,9,5,False
5920,4258,6,4,False
2875,2533,9,3,False
2694,1715,9,1,False
2550,6846,8,6,False
153,469,5,5,False
4342,6499,2,2,False
4281,9191,0,2,True
3447,1416,6,0,False
1586,5606,3,3,False
2133,1060,2,4,True
3523,7190,4,0,False
926,8798,2,0,False
6740,4076,9,5,False
7378,3429,8,4,False
6831,902,2,4,True
2152,3269,8,6,False
6798,4193,0,6,True
9836,987,1,7,True
7072,1977,0,6,True
9211,7092,4,4,False
9305,1165,3,9,True
5294,1824,4,2,False
7221,7209,0,6,True
3905,3371,8,0,False
237,4429,2,8,True
6902,480,1,1,False
5993,757,0,4,True
7489,471,9,9,False
784,5065,4,8,True
2353,1182,2,6,True
6984,8284,9,7,False
607,1001,6,0,False
4114,7194,2,4,True
8432,6957,1,3,True
2818,787,4,8,True
570,4581,5,3,False
3766,4333,3,9,True
7221,6256,0,4,True
5706,954,5,9,True
4743,4114,8,2,False
5171,5335,6,4,False
5758,2098,4,2,False
7159,624,6,2,False
9843,7357,9,9,False
4869,9628,1,7,True
3638,1617,1,3,True
2074,4012,4,4,False
2336,1444,4,6,True
2760,9443,9,1,False
3526,6393,9,9,False
2734,4284,1,9,True
6638,9198,5,9,True
4983,1825,3,9,True
3954,4062,8,0,False
1069,9075,3,5,True
1997,8656,3,5,True
8063,6467,6,8,True
5381,7780,2,0,False
1122,4002,7,3,False
3581,2999,0,0,False
3185,784,0,4,True
6714,7397,3,5,True
8848,6212,6,8,True
203,323,1,3,True
4668,5774,2,4,True
7140,7995,3,3,False
3302,6785,6,2,False
9884,9979,7,7,False
5004,1719,4,8,True
7417,4503,8,2,False
8779,4496,6,8,True
2958,5953,9,1,False
8780,2547,3,7,True
7857,4045,2,6,True
1312,5320,8,0,False
1074,7678,8,2,False
78,4294,9,9,False
800,693,8,8,False
9617,3676,6,4,False
7130,9520,3,1,False
5486,3985,1,9,True
8638,310,7,3,False
5822,3238,4,6,True
1764,6699,0,4,True
9529,5256,6,4,False
5477,7392,1,7,True
4698,3661,6,2,False
9220,6457,0,8,True
2531,4820,0,8,True
1588,1498,3,7,True
2197,6983,4,4,False
1490,4761,3,9,True
5392,5940,2,8,True
4641,5522,0,8,True
9131,7127,2,8,True
7864,8984,9,7,False
8733,755,7,1,False
2393,8818,8,0,False
7326,7375,3,7,True
2106,8040,0,6,True
6853,7799,7,9,True
108,6648,9,7,False
4452,5737,8,0,False
548,7407,3,3,False
4960,9032,8,2,False
7268,8362,7,3,False
7870,3255,5,1,False
3510,7772,2,2,False
1236,7847,1,1,False
1397,7542,1,5,True
7930,2101,2,2,False
3136,4104,7,1,False
641,6590,8,0,False
184,998,8,8,False
4287,8290,9,3,False
580,1287,8,8,False
5678,5357,8,6,False
8275,5299,5,9,True
9692,4240,9,9,False
6996,3854,9,7,False
4654,5583,7,3,False
2909,676,5,7,True
992,3103,9,7,False
9639,2033,4,0,False
7370,3942,8,0,False
5983,6701,2,0,False
116,8307,4,0,False
5290,5577,0,4,True
7151,405,2,4,True
9576,1136,7,1,False
3243,9768,0,2,True
7136,1096,9,7,False
7187,8873,5,1,False
6665,3957,3,5,True
9050,236,6,2,False
7397,558,5,9,True
1350,252,1,9,True
7263,4817,0,8,True
5179,3874,7,9,True
1244,3580,7,7,False
4501,9624,3,3,False
1644,680,2,6,True
2571,9403,0,6,True
8377,1106,6,6,False
3451,9509,7,1,False
5608,8940,5,5,False
4318,9035,1,5,True
7030,5891,7,5,False
3891,8581,9,3,False
7899,6565,1,9,True
6355,9280,6,8,True
258,3714,2,6,True
1177,1357,2,4,True
6620,9518,5,1,False
3312,9788,5,7,True
5731,3514,0,2,True
1609,4857,2,0,False
8025,139,2,4,True
9566,3985,7,9,True
9639,3495,4,4,False
3209,1556,6,8,True
6389,4530,3,7,True
6377,6247,7,9,True
1636,6951,4,4,False
73,7807,9,9,False
3944,8305,3,1,False
1273,4278,0,0,False
1663,6070,8,8,False
4424,3967,9,9,False
5452,2404,0,4,True
2248,6109,2,2,False
3580,1054,7,1,False
5358,3261,3,3,False
6939,6754,2,2,False
3360,8815,7,7,False
4394,8615,6,2,False
4281,2179,0,8,True
626,2312,7,3,False
784,2264,4,4,False
8180,1975,5,7,True
9574,9818,8,0,False
2148,7013,4,2,False
6002,7705,6,6,False
9695,1200,8,8,False
8089,5549,5,7,True
3034,1310,9,3,False
690,7805,2,8,True
2292,7459,9,9,False
2669,7885,2,4,True
9716,1634,2,4,True
2992,6194,3,3,False
6412,1852,2,6,True
8086,9287,1,9,True
6892,3542,0,4,True
2436,9714,4,0,False
8508,7931,3,9,True
8026,1983,3,3,False
7536,9351,0,2,True
1585,837,2,2,False
4372,2461,8,0,False
8991,9034,0,4,True
8221,8139,0,2,True
3837,2301,5,7,True
3647,4498,7,7,False
8973,2122,2,2,False
56,1516,4,4,False
3319,1914,8,8,False
9057,4685,9,1,False
7557,5122,9,7,False
7660,8023,8,0,False
9483,7028,9,7,False
3182,6579,6,4,False
1228,3587,9,9,False
8865,1124,0,8,True
8661,1739,8,0,False
5563,2681,7,3,False
580,3688,8,6,False
7062,6351,0,0,False
4299,2316,9,1,False
4875,8377,6,6,False
5041,7410,8,0,False
3208,8175,7,7,False
6940,7997,3,5,True
7971,4139,8,6,False
8225,9354,2,8,True
4962,4250,2,2,False
2559,6809,5,1,False
8799,442,1,3,True
5517,1560,4,8,True
2759,2679,6,2,False
4836,7439,3,7,True
2025,6124,3,9,True
118,4026,9,3,False
8147,8476,8,8,False
6987,806,6,8,True
4216,4830,1,5,True
2088,1434,9,1,False
8233,5498,1,7,True
6958,1849,8,4,False
59,9784,5,9,True
5889,9754,1,5,True
9627,398,6,4,False
8557,1472,9,3,False
3335,4541,5,3,False
8672,9415,1,1,False
1973,4207,8,8,False
3129,8599,3,9,True
4443,3701,3,3,False
7670,5733,6,2,False
667,9045,7,7,False
5528,3157,5,5,False
1164,3227,7,1,False
9498,1023,0,4,True
4871,9851,1,7,True
8643,5971,5,9,True
9096,8581,1,3,True
2848,2975,2,8,True
2823,7268,7,7,False
7631,3367,6,2,False
5785,6990,2,4,True
8884,5395,6,4,False
4690,3553,7,9,True
5693,4313,6,4,False
1483,5311,1,9,True
3150,955,3,5,True
2495,3226,2,0,False
116,1991,4,2,False
9622,6722,1,3,True
6343,6268,8,4,False
1868,5442,1,1,False
2067,6288,0,0,False
9368,6453,1,3,True
6733,4177,1,5,True
4383,3059,9,7,False
1828,6807,3,9,True
3934,9347,8,4,False
25,607,0,6,True
735,6318,1,9,True
4009,3664,9,9,False
6804,5995,6,8,True
8353,5335,2,4,True
4682,2549,9,3,False
482,8623,7,9,True
8213,9017,9,1,False
3707,820,8,6,False
6092,654,1,5,True
6745,9958,3,7,True
483,8509,5,1,False
1518,2701,2,4,True
4060,7789,4,2,False
5953,9227,1,3,True
1531,9898,3,1,False
1651,9403,8,6,False
3091,4543,8,8,False
8255,7368,4,0,False
8466,5513,8,0,False
7892,4471,9,7,False
4401,1303,2,2,False
2122,3134,2,2,False
9864,4603,7,1,False
2162,6223,5,7,True
1472,4624,3,7,True
71,8527,0,4,True
721,5119,0,2,True
1239,8899,3,9,True
4193,7051,6,6,False
3643,18,7,3,False
430,6730,1,7,True
261,3505,5,7,True
1031,7792,2,6,True
569,8502,3,5,True
6952,4539,5,7,True
3759,8933,9,9,False
1795,6532,2,0,False
6799,5223,1,5,True
5118,9226,8,6,False
3954,4274,8,2,False
2015,1785,1,1,False
8949,3925,9,1,False
9859,3831,7,9,True
3267,5832,2,4,True
6332,4392,4,0,False
7898,8968,0,6,True
616,9941,9,5,False
2704,2755,1,9,True
7045,9369,4,2,False
1526,3627,0,8,True
9379,8677,2,6,True
8957,7859,3,5,True
7260,8563,7,5,False
7652,3459,9,9,False
7949,7291,6,2,False
6650,7,9,9,False
1926,8467,3,9,True
2281,3055,3,7,True
7854,9214,9,9,False
9944,7513,3,7,True
9299,2705,9,1,False
4726,5920,8,6,False
7943,1538,0,2,True
2355,3750,1,5,True
37,3814,1,5,True
4882,5037,6,2,False
5548,8868,8,0,False
3643,4755,7,3,False
5647,4998,8,4,False
6247,1278,9,3,False
5416,7267,1,7,True
6613,5681,6,6,False
5650,4008,8,6,False
5847,3479,0,0,False
7967,3727,0,8,True
9780,4034,8,0,False
7318,4467,9,7,False
5276,4512,6,6,False
9955,8933,1,9,True
2847,5433,4,8,True
6235,5766,9,3,False
106,5209,2,8,True
6404,1438,8,0,False
2290,4330,7,5,False
6058,5245,1,3,True
9973,2518,9,5,False
9834,3510,8,2,False
6887,1205,9,3,False
9276,3633,4,8,True
159,2959,4,2,False
1933,9549,7,1,False
6133,2714,0,0,False
2037,9262,5,7,True
1019,6530,1,5,True
5800,3525,9,7,False
4686,8585,6,8,True
7005,397,1,5,True
4509,460,3,5,True
223,1228,7,9,True
9706,5956,2,4,True
274,9919,9,7,False
2233,7202,8,0,False
359,4971,9,5,False
2123,3441,7,7,False
381,7980,3,1,False
6436,9536,9,3,False
4379,4906,4,4,False
1823,3405,8,4,False
4611,8639,0,2,True
2682,8533,5,3,False
5141,2067,0,0,False
9112,836,1,1,False
2941,2125,9,5,False
8217,5149,8,2,False
1590,2713,0,0,False
7278,7556,9,1,False
8268,8344,1,1,False
7553,3988,8,8,False
8785,9287,3,9,True
6467,6574,8,2,False
9160,7837,5,9,True
4787,8019,6,2,False
1999,1545,5,9,True
4145,4816,8,2,False
442,8185,3,5,True
4441,1972,6,0,False
6242,6973,7,3,False
7925,4753,6,8,True
654,5779,5,5,False
8693,9813,2,4,True
9917,9601,8,0,False
55,297,0,0,False
1419,2225,4,8,True
9882,9841,3,5,True
8304,9655,7,3,False
5280,750,0,0,False
1805,3129,7,3,False
9942,3637,3,7,True
5504,720,3,5,True
2755,1508,9,9,False
2579,8744,8,6,False
5754,6243,9,7,False
4546,4046,2,4,True
7017,3018,6,6,False
416,6914,1,9,True
1676,8178,6,4,False
1887,1095,7,3,False
1377,4486,6,8,True
3996,6286,4,0,False
3936,1737,7,5,False
2637,479,9,9,False
3555,6851,8,8,False
8577,2758,4,8,True
1747,1290,5,3,False
8549,3586,1,1,False
3231,4330,1,5,True
3082,1646,3,1,False
2904,8588,2,6,True
964,5635,1,3,True
8779,5239,6,4,False
8237,1621,6,0,False
5559,519,4,4,False
5086,4816,2,2,False
8522,7815,8,2,False
3677,9377,0,0,False
8062,7912,5,7,True
7150,2166,1,1,False
3080,8720,3,1,False
8478,731,6,2,False
4350,435,2,8,True
6067,8678,5,7,True
8524,3541,8,4,False
1770,2277,7,1,False
2095,9368,7,1,False
3742,8494,3,3,False
36,2502,7,3,False
2777,3510,0,2,True
5005,7647,1,7,True
9295,1648,1,9,True
898,6361,7,7,False
936,5825,8,4,False
4505,2339,9,5,False
8796,2926,9,9,False
4194,9648,4,0,False
918,2781,1,9,True
5981,4785,5,3,False
702,3203,7,1,False
7292,6636,3,3,False
5544,3312,1,5,True
1238,7082,1,7,True
1613,1893,8,8,False
4383,3896,9,3,False
6169,5611,4,8,True
5810,5381,6,2,False
48,222,4,2,False
4922,7389,8,6,False
7770,8255,8,4,False
4214,5330,7,3,False
5129,4156,8,2,False
5203,4564,1,1,False
2614,9611,8,0,False
7810,9833,0,6,True
4964,2980,2,6,True
7390,5943,7,1,False
3235,1099,4,6,True
7285,7853,6,8,True
1926,6813,3,5,True
254,9905,7,3,False
7197,4541,7,3,False
8000,7064,4,2,False
8131,3391,4,6,True
9921,6833,6,0,False
7049,2552,0,8,True
8166,5029,1,9,True
5523,1280,9,1,False
2076,3689,3,1,False
158,4730,3,7,True
4462,8927,0,8,True
7956,7867,3,9,True
242,2901,8,4,False
2591,241,7,9,True
4089,8053,7,9,True
7777,8444,5,5,False
8863,7852,5,7,True
9307,9205,8,8,False
6828,6435,2,8,True
484,7251,4,4,False
5322,9936,4,8,True
9106,79,3,7,True
784,6951,4,4,False
1385,4919,9,9,False
3971,2580,4,6,True
8752,3682,0,2,True
9979,9771,7,7,False
7426,9481,9,5,False
7444,298,8,2,False
2292,3019,9,1,False
7146,4395,8,6,False
9581,4759,3,1,False
7138,4047,1,9,True
1907,3782,0,8,True
7327,4384,2,2,False
8972,6815,3,7,True
313,4990,3,3,False
8753,6879,3,5,True
9052,7263,0,0,False
5765,3289,8,8,False
8214,5841,5,3,False
5962,3305,8,0,False
3955,3783,5,9,True
3524,6238,6,8,True
2616,5833,5,5,False
270,9404,3,9,True
5335,5202,4,4,False
7006,6813,3,5,True
7989,325,0,4,True
3751,7649,7,5,False
395,5910,5,5,False
9251,6462,6,2,False
9911,921,0,2,True
3620,9370,3,3,False
2034,1761,1,5,True
4851,21,6,6,False
6979,9712,0,8,True
2510,144,1,7,True
7012,8528,2,0,False
7020,159,6,4,False
4422,6190,5,9,True
905,1404,2,0,False
639,1447,9,5,False
134,563,8,8,False
9285,7577,7,5,False
8653,9899,5,7,True
9374,2642,7,7,False
2753,2807,1,3,True
5820,8482,2,2,False
6535,6551,3,3,False
56,6258,4,6,True
333,2418,5,1,False
6838,6354,8,6,False
9371,6509,4,6,True
5455,3395,2,6,True
4708,4662,1,9,True
8061,3744,4,6,True
8802,9286,4,8,True
7243,6413,9,3,False
6280,5830,0,0,False
5077,4210,7,9,True
1853,6832,9,5,False
163,4575,4,4,False
3251,7235,0,2,True
7802,2164,1,1,False
9935,2420,7,9,True
7231,7984,0,4,True
6175,7866,4,0,False
9971,1266,2,6,True
5172,6447,7,3,False
9604,9404,3,9,True
7526,6205,0,4,True
2776,9509,3,1,False
5637,1135,1,5,True
1625,5076,4,4,False
8686,8540,5,1,False
9351,8958,2,8,True
96,1923,1,3,True
6540,1276,1,7,True
5628,3693,3,9,True
3221,7811,3,1,False
9349,6622,5,1,False
8662,2638,4,0,False
8376,1483,1,1,False
3620,5227,3,1,False
9016,2762,0,6,True
7760,6984,7,9,True
2141,2564,7,7,False
7070,148,8,0,False
8043,8684,7,3,False
3702,4152,5,5,False
1477,1169,7,5,False
2285,735,7,1,False
391,7163,8,2,False
342,3345,1,5,True
3112,3938,8,4,False
4299,8439,9,1,False
3658,3674,2,8,True
2749,5042,7,9,True
457,1572,6,8,True
7236,9133,9,5,False
2449,5061,0,8,True
2557,9154,0,2,True
6393,6666,9,7,False
1576,2986,7,5,False
9299,2320,9,9,False
4590,7603,4,8,True
5448,7488,4,4,False
4911,6325,4,6,True
1304,3039,9,1,False
4784,3005,7,9,True
9937,2190,2,0,False
8932,9757,8,0,False
6307,4467,7,7,False
3393,3420,5,1,False
5580,2105,9,3,False
4770,9749,3,5,True
6087,2969,5,5,False
883,5281,3,1,False
9873,2465,4,6,True
5595,5879,2,2,False
7500,5096,8,4,False
5454,4489,3,9,True
5669,2039,0,6,True
957,8750,3,9,True
765,7503,4,6,True
8651,6976,7,1,False
8344,3045,1,3,True
9287,2807,9,3,False
7044,4472,9,5,False
7788,9706,8,2,False
5451,6909,5,5,False
275,8679,4,8,True
1441,8800,8,2,False
4198,3259,9,1,False
3410,4608,4,8,True
8950,9417,2,2,False
2148,553,4,8,True
3887,4458,8,4,False
1001,9948,0,0,False
597,7987,0,0,False
6709,4486,8,8,False
9546,9093,7,9,True
3863,1673,5,1,False
760,2429,4,2,False
7199,5635,9,3,False
4923,8845,0,0,False
1462,2085,2,2,False
4431,7261,4,0,False
364,4577,5,5,False
6884,7978,5,7,True
4493,3528,7,3,False
9121,4904,1,3,True
3886,3422,6,6,False
5312,6675,4,6,True
2391,5927,2,4,True
5113,8331,1,5,True
9510,7522,2,6,True
7884,1370,9,5,False
1562,3835,8,6,False
7477,3885,7,9,True
5643,8413,2,8,True
3712,6049,6,8,True
4384,9739,2,0,False
5957,1966,5,7,True
8537,510,9,7,False
2051,6415,1,5,True
6223,4463,7,5,False
1513,90,3,3,False
8772,7151,0,2,True
9158,7941,0,8,True
1499,3796,8,2,False
6808,3781,0,8,True
2128,3529,3,9,True
5004,5595,4,2,False
9729,8421,5,7,True
4169,8557,1,9,True
6538,8927,6,8,True
6731,1705,7,7,False
1610,4965,0,2,True
2370,7415,0,6,True
8532,7007,2,2,False
3989,2026,0,6,True
9355,8722,6,8,True
3484,5616,3,3,False
3583,305,8,0,False
3436,6804,2,6,True
4070,552,0,0,False
5986,7887,4,0,False
8011,9060,4,0,False
8538,7978,1,7,True
134,8081,8,4,False
1920,4792,4,8,True
1545,7104,9,3,False
9416,5527,9,9,False
4799,9743,9,7,False
6546,4805,0,2,True
1553,5437,9,7,False
1918,5104,0,4,True
9546,4338,7,5,False
5364,3199,5,5,False
7843,1567,6,8,True
8358,9357,9,9,False
6220,7922,4,2,False
2142,7824,8,6,False
8057,4788,0,0,False
222,9137,2,0,False
6656,4871,9,1,False
9383,1502,6,8,True
6342,8754,0,4,True
4062,9178,0,6,True
8756,4852,8,8,False
5932,2542,0,6,True
5522,4745,8,4,False
518,9955,5,1,False
6341,6168,5,9,True
5586,8528,8,0,False
1201,9717,1,3,True
2604,6934,5,7,True
1711,2144,2,6,True
9919,1879,7,5,False
9950,9614,1,3,True
9299,2666,9,7,False
453,8962,3,9,True
1174,7433,2,8,True
340,7527,5,1,False
2354,2609,2,6,True
8208,3523,2,4,True
2281,3131,3,3,False
9758,1189,3,1,False
7167,342,1,1,False
888,5678,2,8,True
6607,4020,2,8,True
2200,1106,2,6,True
1960,1609,8,2,False
4920,2662,2,2,False
8902,5063,2,4,True
8182,5943,9,1,False
5399,9404,1,9,True
423,610,2,4,True
2598,3608,8,0,False
9936,5987,8,0,False
4780,172,0,2,True
2506,8869,0,6,True
6468,4715,1,7,True
8589,7062,4,0,False
8441,7871,6,8,True
61,877,8,8,False
6696,1824,4,2,False
4988,218,9,5,False
2315,9125,1,3,True
7472,1882,2,8,True
6275,2780,8,2,False
7007,5007,2,6,True
1602,6816,6,8,True
1689,2092,2,2,False
6240,2306,2,4,True
7468,4006,1,1,False
6675,8756,6,8,True
1606,5352,7,9,True
8554,8434,6,4,False
1529,8714,4,2,False
8026,3312,3,5,True
66,7615,6,8,True
2578,2037,7,5,False
3913,3635,2,8,True
3114,4414,4,4,False
9984,3281,1,1,False
4532,6743,3,1,False
1490,3237,3,1,False
9250,9864,9,7,False
891,9820,2,2,False
7740,6729,3,1,False
1944,511,0,4,True
6524,8022,9,1,False
7867,4736,9,7,False
1507,3326,7,3,False
127,9655,5,3,False
5027,8530,4,8,True
9112,2139,1,3,True
2777,4618,0,6,True
192,5634,0,2,True
6040,7062,0,0,False
45,6573,5,5,False
3995,5212,3,3,False
2253,8691,2,0,False
5063,8635,4,8,True
2887,2293,7,9,True
8704,8373,2,0,False
6645,1187,2,2,False
2206,7337,4,0,False
8394,7607,2,0,False
3978,2148,6,4,False
5792,9361,4,6,True
6079,1339,7,5,False
88,7843,6,6,False
5026,8692,9,1,False
379,6785,4,2,False
5172,7024,7,3,False
9281,7413,0,4,True
9936,7409,8,6,False
6669,5018,6,2,False
1964,5347,9,5,False
6356,2347,1,3,True
7640,7010,9,3,False
1235,3104,5,3,False
8673,9632,2,6,True
1990,3133,6,4,False
951,4366,5,3,False
41,6011,7,3,False
1701,5676,4,4,False
6492,8790,8,4,False
7783,8427,1,1,False
9076,463,6,6,False
1653,8507,5,5,False
5051,3640,0,0,False
4077,8170,1,5,True
9663,6581,0,2,True
4118,309,5,3,False
5414,1834,9,1,False
5585,4295,3,7,True
1459,9974,2,4,True
224,3486,1,3,True
9762,3171,3,5,True
7305,9232,6,4,False
2966,7018,9,5,False
3949,1246,8,0,False
629,8240,2,6,True
839,610,8,4,False
6223,8782,7,9,True
6385,6902,5,1,False
9712,7753,8,6,False
9455,3577,0,2,True
1876,9889,1,3,True
3623,2114,5,5,False
2529,1378,1,5,True
7508,8769,2,6,True
9478,8491,5,1,False
2281,8708,3,1,False
658,3788,7,5,False
4480,5000,9,3,False
3907,8796,5,9,True
819,1773,3,1,False
3716,7931,9,9,False
764,3724,2,0,False
998,5228,8,6,False
9851,699,7,3,False
3676,9663,4,0,False
5266,6323,2,4,True
3,8544,0,2,True
5010,9673,6,8,True
9457,2210,0,6,True
2570,4747,9,7,False
2520,2891,8,2,False
8488,4185,1,1,False
17,6784,7,9,True
5991,3309,1,7,True
7162,3635,0,8,True
5519,5593,0,0,False
4117,2737,8,6,False
371,4986,2,8,True
6177,6006,3,7,True
184,3646,8,0,False
6439,3987,2,8,True
2653,9828,5,3,False
8145,1918,8,0,False
1188,311,0,0,False
7174,5563,9,7,False
170,6497,4,2,False
4780,7083,0,4,True
4243,6220,6,4,False
6980,9274,9,1,False
171,7324,7,5,False
3836,3303,7,7,False
8466,8725,8,8,False
4628,6695,0,4,True
7523,4057,7,1,False
3329,900,7,1,False
9105,4599,0,6,True
9410,9353,8,4,False
8465,628,7,3,False
7467,1594,7,9,True
1681,4900,3,7,True
4931,8974,1,7,True
5250,4820,2,8,True
151,3372,9,5,False
205,7672,3,5,True
885,9179,6,0,False
9702,6236,5,5,False
8768,1635,1,5,True
868,6288,2,0,False
7486,5774,2,4,True
4687,6716,1,5,True
1783,7760,7,7,False
8552,4615,4,2,False
2502,6592,3,9,True
2210,7710,6,2,False
7699,9527,0,0,False
5106,5229,9,5,False
7292,8570,3,3,False
4513,5826,8,6,False
6616,3044,2,0,False
3778,9668,5,9,True
947,7009,8,4,False
8667,2707,8,0,False
5190,6880,7,5,False
5839,3659,1,3,True
9351,3646,2,0,False
4014,9428,1,5,True
2428,7667,6,6,False
8932,2499,8,4,False
8327,9331,5,5,False
4367,5123,2,4,True
7971,5198,8,8,False
9298,6736,5,3,False
3299,639,3,9,True
899,4380,8,8,False
8006,8539,9,5,False
1954,1612,5,3,False
5677,2199,4,6,True
9257,8803,7,5,False
2953,2487,3,5,True
4255,9671,5,5,False
300,1267,4,8,True
6018,742,8,0,False
1028,1490,3,3,False
4923,5475,0,2,True
4653,9690,1,7,True
715,1264,2,4,True
1126,4151,7,7,False
2846,2044,6,2,False
2595,7988,7,5,False
8891,4968,7,9,True
7096,366,4,6,True
9451,2310,7,9,True
4270,2379,3,1,False
8183,3519,8,8,False
1744,3560,6,6,False
8299,2487,5,5,False
8548,5829,0,2,True
6322,3501,3,9,True
657,2692,3,9,True
1540,2016,7,7,False
3699,2456,1,9,True
6678,7616,1,9,True
6166,3345,9,5,False
9119,1136,5,1,False
6936,716,9,1,False
933,3778,3,5,True
1973,2455,8,0,False
2929,214,9,9,False
4752,3214,9,1,False
7672,8232,5,5,False
1203,6297,0,8,True
9296,236,0,2,True
4291,781,4,8,True
3310,6898,0,8,True
1748,6974,0,4,True
1595,8701,7,3,False
2281,4059,3,5,True
9532,1245,6,2,False
1039,2611,7,5,False
4832,3332,6,4,False
1549,8389,4,0,False
7624,6791,9,7,False
98,6082,6,0,False
9868,5760,7,3,False
9883,5808,5,7,True
4651,7608,1,1,False
2023,9267,0,4,True
6128,221,6,2,False
8930,7082,1,7,True
2510,4836,1,3,True
2110,3880,2,8,True
7701,6793,7,9,True
4805,3804,2,0,False
1986,8467,1,9,True
9550,5522,4,8,True
1075,4118,1,5,True
3335,8882,5,9,True
83,3363,7,3,False
2102,3342,8,6,False
5202,5743,4,6,True
914,7078,8,6,False
4435,5596,3,3,False
9036,7419,7,7,False
9222,3165,1,9,True
5622,3162,9,7,False
7518,8472,2,4,True
89,6860,1,5,True
8736,9802,7,1,False
6964,9918,5,9,True
9561,6148,3,5,True
8799,1113,1,5,True
927,9762,3,3,False
6897,7791,8,0,False
2020,5456,3,9,True
3542,9687,4,0,False
4729,86,1,7,True
3203,4089,1,7,True
8022,2070,1,7,True
6553,2459,4,2,False
2342,8234,9,7,False
8056,7745,0,8,True
8111,3823,0,2,True
3401,8238,0,2,True
2355,2551,1,3,True
7865,8555,7,7,False
2140,490,6,0,False
4842,6429,4,0,False
6799,7797,1,5,True
1569,1863,6,2,False
62,9882,9,3,False
9396,9403,0,6,True
5455,9775,2,6,True
8595,1419,0,4,True
7229,163,2,4,True
9414,1345,0,2,True
6493,4313,8,4,False
2788,1913,1,3,True
2282,2305,5,3,False
117,9074,4,4,False
1264,6677,4,2,False
8595,6804,0,6,True
7403,1729,5,1,False
2176,1565,2,0,False
2123,9602,7,1,False
4056,6794,5,3,False
6841,6325,0,6,True
257,7699,8,0,False
5411,6953,6,6,False
190,9445,1,3,True
1151,7615,6,8,True
1471,1490,5,3,False
1941,2017,7,1,False
6716,1647,5,9,True
2603,4526,9,3,False
9601,8584,0,2,True
7157,8972,3,3,False
7461,7456,6,4,False
2207,3769,5,3,False
3770,5125,4,2,False
4556,978,9,5,False
3034,2136,9,1,False
8995,6665,1,3,True
829,67,4,4,False
643,9137,2,0,False
1449,2991,9,3,False
736,5725,4,4,False
6739,7672,3,5,True
9513,2813,5,3,False
824,7507,1,1,False
8144,862,7,9,True
3111,3082,7,3,False
5463,8307,0,0,False
7680,7630,9,5,False
3176,3325,2,0,False
1458,7887,6,0,False
3923,3427,6,6,False
3558,1998,5,9,True
2018,8784,1,9,True
3760,5314,9,1,False
7903,4782,7,3,False
9988,4973,5,3,False
477,3978,2,6,True
8163,8634,0,0,False
8325,6912,0,2,True
8537,7458,9,3,False
6963,8162,7,3,False
9006,6123,2,2,False
10,6798,0,0,False
4586,9846,3,1,False
4020,8437,8,8,False
7044,9806,9,7,False
9528,1157,0,4,True
9450,1372,8,2,False
5994,9369,6,2,False
8963,4757,8,0,False
9483,5044,9,1,False
3151,1756,2,8,True
5375,9254,9,9,False
8221,3305,0,0,False
9648,3728,0,4,True
7408,5199,4,6,True
5580,1539,9,3,False
9828,9651,3,5,True
4760,5110,7,7,False
7920,6829,1,1,False
9495,5001,7,9,True
9459,1768,0,0,False
1483,1020,1,3,True
4392,4388,0,6,True
5896,1631,1,9,True
8576,6029,0,6,True
8454,9755,6,8,True
6974,5686,4,0,False
5137,4306,9,3,False
5648,5675,8,8,False
7486,9473,2,4,True
5980,1982,0,6,True
4791,8141,4,4,False
6802,8806,4,8,True
4709,6711,2,0,False
6947,3801,0,6,True
9303,4217,2,4,True
9632,5763,6,2,False
7756,7577,9,5,False
4857,3068,0,8,True
3541,2886,4,4,False
251,2279,1,5,True
318,9150,2,8,True
7366,3793,4,4,False
7114,148,8,0,False
2191,1410,2,2,False
5502,6822,2,4,True
2085,5736,2,6,True
3888,5258,9,1,False
7306,4319,5,9,True
1350,1714,1,9,True
223,4840,7,9,True
2182,8332,1,9,True
7491,5806,0,0,False
9994,7507,1,1,False
6352,8500,2,4,True
8844,997,2,0,False
6951,2052,4,8,True
1919,2476,7,5,False
2526,4859,5,1,False
8795,2094,0,4,True
9139,2184,8,2,False
8729,1940,1,5,True
2539,4616,7,9,True
7765,3541,8,4,False
8926,1073,7,5,False
2829,3777,5,1,False
6453,5224,3,3,False
979,6171,1,7,True
7440,6130,0,6,True
7308,8139,2,2,False
4534,7594,9,9,False
6925,5322,0,4,True
6612,5493,8,8,False
134,8820,8,2,False
7996,7250,5,3,False
4664,3451,3,7,True
7435,489,3,1,False
7426,5546,9,9,False
2572,3880,2,8,True
1469,4703,3,3,False
6198,5370,7,1,False
8095,9103,4,4,False
3071,2602,2,2,False
7194,3318,4,2,False
5908,9591,9,1,False
6913,2320,1,9,True
8294,3029,8,4,False
8416,1905,4,6,True
9366,6766,6,0,False
7047,7733,4,6,True
9677,9993,0,0,False
2097,7013,6,2,False
1677,4426,5,9,True
5302,9581,5,3,False
2756,2823,3,7,True
9166,4110,7,1,False
8168,7500,2,8,True
3284,6300,8,4,False
4504,3216,2,8,True
4265,721,4,0,False
5403,9635,8,2,False
2945,2237,3,5,True
1883,1876,7,1,False
4728,2511,5,3,False
1676,5834,6,6,False
6923,8339,0,8,True
3600,2084,2,4,True
3563,2146,8,8,False
3828,740,4,4,False
6272,417,3,9,True
5931,3086,2,4,True
883,9636,3,3,False
9295,9777,1,5,True
1767,1270,4,4,False
5183,4899,8,2,False
5624,1986,5,1,False
3533,8359,4,0,False
1567,1895,8,2,False
3788,5616,5,3,False
8577,1905,4,6,True
5794,2984,1,1,False
2910,2116,2,6,True
5865,5298,0,8,True
5748,8687,2,6,True
4973,2855,3,5,True
4344,4794,9,7,False
962,3527,9,3,False
8222,1557,4,4,False
446,9887,6,8,True
6888,2865,9,3,False
8456,5493,8,8,False
478,1500,5,7,True
4605,3208,3,7,True
244,7879,2,4,True
5022,5371,9,7,False
3143,5222,1,5,True
9380,9560,3,7,True
8714,9418,2,8,True
5543,3727,8,8,False
2115,3345,7,5,False
6961,205,1,3,True
8455,7353,7,1,False
417,7504,9,7,False
7100,1151,2,6,True
6426,7050,0,6,True
709,9603,8,2,False
885,5115,6,6,False
9476,5744,2,8,True
3891,281,9,9,False
7400,3436,2,2,False
1444,2817,6,0,False
5846,6962,8,0,False
501,8319,9,9,False
3038,9636,7,3,False
6489,4948,0,8,True
8588,8416,6,4,False
3883,2092,0,2,True
402,5553,3,1,False
650,2954,6,0,False
332,8702,1,5,True
468,5013,7,1,False
9026,8192,9,5,False
474,556,8,4,False
6689,9820,4,2,False
7682,831,9,1,False
5282,4898,2,6,True
5135,515,9,3,False
7776,7099,8,8,False
5412,6386,7,5,False
1978,4165,4,8,True
4816,6010,2,2,False
9022,7542,3,5,True
4124,5556,8,4,False
8644,8960,6,4,False
6738,6014,4,2,False
7574,8262,4,2,False
3295,1000,5,9,True
8808,9664,0,2,True
6523,9739,8,0,False
5618,4044,5,3,False
9414,7775,0,4,True
3379,6366,1,7,True
1684,8006,5,9,True
4566,3962,7,3,False
1161,9127,6,6,False
3707,380,8,0,False
6921,8950,0,2,True
1348,1514,2,2,False
613,7434,2,4,True
9706,7113,2,6,True
7183,6868,1,1,False
964,4924,1,1,False
6526,1456,0,6,True
4780,3707,0,8,True
3640,1391,0,4,True
4727,3434,3,1,False
5556,4180,4,2,False
3535,6910,7,9,True
8389,3841,0,4,True
5824,3392,3,9,True
7187,7130,5,3,False
8792,4916,6,4,False
2882,6258,4,6,True
5522,5857,8,8,False
3772,5221,2,6,True
4219,2230,5,3,False
9752,4126,2,8,True
6299,3055,3,7,True
775,420,2,4,True
3131,3529,3,9,True
6636,3308,3,7,True
1992,5081,9,1,False
4977,5233,1,9,True
9583,9612,5,1,False
5293,9141,3,7,True
1386,107,7,1,False
5711,8994,5,9,True
2739,5118,8,8,False
3391,2467,6,8,True
6905,2684,9,3,False
5551,8606,7,7,False
625,7615,6,8,True
4916,9122,4,6,True
5098,2989,5,3,False
4526,5831,3,1,False
2991,8417,3,7,True
6106,3428,2,6,True
1766,5703,1,3,True
3736,8737,7,5,False
9351,2101,2,2,False
9603,4978,2,8,True
5587,8897,9,9,False
79,3797,7,5,False
9334,6252,6,6,False
2189,9591,9,1,False
5561,3169,4,4,False
4551,850,7,1,False
9689,4867,1,5,True
5330,1206,3,7,True
6159,3005,1,9,True
7908,9771,7,7,False
7655,4382,0,4,True
3696,5502,2,2,False
252,7233,9,3,False
270,1520,3,7,True
1789,813,3,9,True
4557,9201,6,2,False
3744,8960,6,4,False
8596,336,9,9,False
4908,3499,6,8,True
3201,5380,2,8,True
8788,1902,5,5,False
35,2550,2,8,True
5150,4177,3,5,True
5746,2565,1,7,True
3257,4140,2,8,True
5936,1864,4,4,False
2995,9158,6,0,False
7223,6899,1,5,True
3341,4627,4,6,True
1156,6801,7,3,False
6890,8634,4,0,False
4494,7568,3,3,False
7347,1591,9,3,False
2573,3648,5,1,False
3141,8500,6,4,False
1885,5882,1,3,True
2496,1319,2,8,True
8087,8005,3,1,False
5542,652,3,1,False
6489,1035,0,6,True
5234,8084,7,9,True
7474,4795,5,9,True
1477,3553,7,9,True
7011,2226,8,0,False
4820,4757,8,0,False
7127,4347,8,6,False
2446,6189,2,8,True
5357,4478,6,8,True
9135,1219,2,8,True
7195,2539,5,7,True
1896,3723,5,9,True
772,5424,1,9,True
9122,7339,6,8,True
9900,1245,8,2,False
2557,5396,0,6,True
7020,2084,6,4,False
5539,2055,6,2,False
3279,6719,8,0,False
2658,7491,4,0,False
9565,1914,4,8,True
8161,1138,2,2,False
7279,1819,0,6,True
444,9985,2,2,False
4428,3083,1,3,True
2234,5106,7,9,True
9097,9817,2,8,True
7728,9279,1,7,True
8155,1991,4,2,False
9898,7140,1,3,True
6871,5193,7,1,False
848,4307,1,5,True
1415,9364,8,6,False
6106,5659,2,0,False
8572,7317,6,0,False
1255,76,9,3,False
6922,9185,6,6,False
4624,5964,7,5,False
893,481,9,9,False
5031,1636,0,4,True
3967,5633,9,5,False
355,6698,8,2,False
8861,4266,4,4,False
303,7327,2,2,False
4877,7766,1,7,True
8312,7379,4,8,True
7413,1892,4,0,False
7263,6709,0,8,True
6368,7618,5,1,False
225,4744,2,8,True
8873,5874,1,5,True
5106,354,9,1,False
8215,1684,3,5,True
7520,525,4,0,False
1996,926,6,2,False
6977,5311,5,9,True
3771,2394,8,4,False
8410,1336,8,2,False
5336,9338,3,5,True
8255,9473,4,4,False
8416,2119,4,8,True
4333,3783,9,9,False
7242,6845,9,7,False
787,4473,8,0,False
7013,5004,2,4,True
9001,3197,6,8,True
6486,1171,5,7,True
2839,1134,5,3,False
4079,4034,0,0,False
3079,5461,7,1,False
491,8659,5,1,False
790,9740,1,9,True
6998,7622,9,5,False
3559,3555,8,8,False
8691,2568,0,0,False
8697,1061,6,0,False
3014,6000,1,9,True
1879,4288,5,3,False
8431,6200,9,9,False
2640,7364,8,2,False
1840,9823,3,7,True
8588,6404,6,8,True
6654,3266,8,0,False
6961,1783,1,7,True
8816,8347,8,4,False
2962,7694,0,8,True
9579,7167,3,1,False
4864,129,1,5,True
2178,5141,0,0,False
6658,9566,9,7,False
3461,4794,7,7,False
7157,9931,3,1,False
762,7566,4,0,False
157,2336,0,4,True
2326,6951,0,4,True
6265,3596,4,4,False
1653,9702,5,5,False
1375,5012,2,6,True
4471,677,7,3,False
2974,2743,1,5,True
4366,203,3,1,False
710,6338,5,1,False
2556,6151,5,3,False
6526,3915,0,4,True
76,9931,3,1,False
3082,6948,3,1,False
9104,1271,4,0,False
5686,1569,0,6,True
2196,2648,9,9,False
5199,2085,6,2,False
9510,8223,2,8,True
1817,9042,2,8,True
6359,2458,8,6,False
2579,5884,8,6,False
7748,6724,1,7,True
3991,6947,6,0,False
4523,6435,8,8,False
3750,6046,5,3,False
2274,9482,9,5,False
4254,9428,5,5,False
4658,4410,7,9,True
3581,7229,0,2,True
8505,5398,8,0,False
5973,2024,3,7,True
7907,3181,0,6,True
9938,3832,6,2,False
3149,5657,9,7,False
7154,9161,2,8,True
988,4564,1,1,False
5205,5456,7,9,True
4265,9632,4,6,True
4998,3996,4,4,False
6861,8677,4,6,True
6078,741,6,2,False
108,7936,9,3,False
3008,7299,9,1,False
4162,7095,3,9,True
1246,1408,0,0,False
7741,294,4,0,False
5345,7313,4,8,True
1219,8934,8,8,False
5690,9126,6,8,True
1578,3458,6,0,False
9980,9076,2,6,True
4566,8093,7,9,True
6422,8842,9,3,False
9255,766,9,5,False
2359,9170,1,9,True
7101,2872,4,4,False
4463,6638,5,5,False
4902,6674,5,7,True
7240,7398,5,3,False
5473,4516,5,1,False
5401,8852,6,6,False
1670,6243,5,7,True
7775,2748,4,0,False
5675,6971,8,0,False
6835,5053,0,2,True
5459,3032,0,0,False
9189,5109,0,0,False
8839,3386,9,1,False
7715,8099,5,1,False
4725,432,2,4,True
1613,3901,8,6,False
4927,358,1,7,True
4222,5242,3,9,True
9153,8659,9,1,False
4907,5186,3,1,False
3314,8717,1,9,True
6096,1226,3,7,True
5047,6579,4,4,False
368,6897,6,8,True
6490,2810,7,5,False
9794,7512,6,6,False
6354,6041,6,2,False
3427,697,6,4,False
4108,6678,5,1,False
6080,1231,8,0,False
9074,1816,4,4,False
4697,3579,7,3,False
5196,2153,5,3,False
8775,3684,4,4,False
5638,9582,3,3,False
6748,672,1,1,False
4780,2835,0,4,True
8599,375,9,5,False
1093,536,8,2,False
7296,4635,7,3,False
5032,4247,4,2,False
5978,5339,1,5,True
257,6672,8,0,False
6467,2762,8,6,False
5095,8514,2,0,False
3159,8143,6,6,False
1040,5215,1,3,True
9320,5169,4,4,False
6829,5856,1,9,True
5866,4309,7,9,True
571,4845,4,8,True
8652,6977,5,5,False
6638,7740,5,3,False
5229,822,5,7,True
2735,978,9,5,False
9952,9396,0,0,False
9263,1203,8,0,False
3625,818,1,1,False
6028,1164,5,7,True
688,7955,6,2,False
7529,124,3,7,True
1571,8172,4,0,False
1365,4465,2,4,True
5823,3170,2,0,False
4551,3287,7,9,True
8851,435,0,8,True
9130,8024,6,6,False
2021,944,5,3,False
1989,9320,4,4,False
8864,7106,3,9,True
9033,2253,4,2,False
9728,6019,4,4,False
2486,2384,6,0,False
1098,9015,3,7,True
9566,8252,7,1,False
9006,5474,2,4,True
4490,8628,4,6,True
7435,4083,3,7,True
9486,3281,7,1,False
9742,7527,3,1,False
1764,6088,0,6,True
2629,3049,3,3,False
5106,4234,9,3,False
2395,2338,8,4,False
916,7883,4,4,False
1926,2443,3,9,True
5510,9762,5,3,False
9814,8920,5,9,True
3137,845,4,0,False
3464,2533,1,3,True
523,4436,1,9,True
9476,9347,2,4,True
2149,5636,8,2,False
4628,6657,0,8,True
1595,8523,7,9,True
1726,9066,0,6,True
7825,2453,7,3,False
2553,9587,1,9,True
9544,9515,9,7,False
7261,3938,0,4,True
4648,3821,9,9,False
8378,8000,4,4,False
6438,1805,1,7,True
9257,8432,7,1,False
1921,939,6,2,False
2043,4017,4,4,False
624,5305,2,0,False
1731,3691,3,5,True
3348,3610,8,4,False
6299,4154,3,9,True
7651,3129,9,3,False
6076,8441,4,6,True
3151,1759,2,8,True
241,4910,9,9,False
1483,5688,1,7,True
5904,2943,3,1,False
6945,9722,8,8,False
4377,4167,4,2,False
65,6579,4,4,False
1226,5728,7,7,False
4141,3914,8,6,False
6332,9191,4,2,False
8032,3625,3,1,False
1768,3024,0,4,True
6700,1880,4,6,True
9136,1064,8,2,False
969,830,4,2,False
974,9135,2,2,False
501,988,9,1,False
9689,2843,1,7,True
5328,865,3,3,False
1399,8826,0,8,True
2483,9126,6,8,True
4860,9947,4,4,False
8574,6603,8,8,False
9290,5416,5,1,False
3035,7803,2,8,True
9490,566,2,6,True
6,1886,4,6,True
5323,7912,1,7,True
3719,4794,7,7,False
5979,1985,4,4,False
9298,9507,5,9,True
7331,9058,6,6,False
1827,2242,8,2,False
273,1554,9,9,False
4198,5839,9,1,False
3268,3995,1,3,True
7790,1282,1,9,True
9251,7404,6,6,False
9501,8911,3,7,True
1400,179,6,8,True
2968,9069,7,9,True
4449,346,6,0,False
8810,384,2,6,True
1978,4441,4,6,True
61,6070,8,8,False
5150,5671,3,9,True
6104,4976,6,4,False
3978,868,6,2,False
1663,7953,8,0,False
6427,4750,4,8,True
8916,5583,3,3,False
5597,3207,4,2,False
5314,6331,1,3,True
3836,9699,7,1,False
2237,3900,5,1,False
1619,7669,0,4,True
9067,7952,7,9,True
9174,8951,0,0,False
613,8262,2,2,False
8094,4458,2,4,True
6042,5334,5,7,True
7462,4410,9,9,False
3225,6678,7,1,False
8454,7190,6,0,False
6782,4998,6,4,False
2202,2899,4,0,False
642,7984,0,4,True
6471,359,7,9,True
8649,6703,8,2,False
7048,1928,1,3,True
4041,3998,8,4,False
3704,581,8,0,False
4761,2545,9,5,False
9850,201,0,6,True
3341,2096,4,0,False
5501,9940,6,6,False
1667,426,1,9,True
262,4580,7,1,False
3818,1159,0,4,True
9768,4510,2,2,False
9119,3122,5,7,True
6168,9740,9,9,False
484,5659,4,0,False
6830,8654,7,7,False
1140,1237,4,2,False
2512,3557,8,6,False
8718,9027,7,3,False
173,614,3,3,False
3360,5637,7,1,False
9221,829,0,4,True
2829,6500,5,5,False
6353,9737,7,1,False
7738,749,1,1,False
5280,169,0,4,True
9243,2183,8,4,False
3766,2749,3,7,True
6549,2669,6,2,False
2003,869,5,5,False
1751,6466,4,2,False
7930,8077,2,0,False
4480,7978,9,7,False
9782,3187,6,6,False
2384,6951,0,4,True
1223,8865,0,0,False
3175,2810,1,5,True
6979,4929,0,4,True
8962,2171,9,1,False
8554,4081,6,6,False
9743,7616,7,9,True
9633,4860,0,4,True
1789,5939,3,7,True
7595,1497,3,7,True
8410,7205,8,2,False
2766,9726,6,2,False
301,6282,7,5,False
9964,7880,0,6,True
9590,2832,5,5,False
7212,5952,2,0,False
9044,7777,7,5,False
3294,850,7,1,False
5550,8358,1,9,True
4936,6809,7,1,False
3645,1672,5,5,False
9074,5763,4,2,False
9433,172,8,2,False
2862,2231,8,6,False
8358,3746,9,3,False
4875,1823,6,8,True
1342,4745,4,4,False
5297,9637,7,7,False
5714,3038,7,7,False
5129,7409,8,6,False
9054,6071,9,9,False
507,2912,3,1,False
3609,2924,7,3,False
6938,5697,1,5,True
8081,1023,4,4,False
6954,9898,7,1,False
3457,4886,1,7,True
222,7389,2,6,True
3695,3603,0,6,True
5589,1862,8,4,False
8015,7427,8,6,False
6552,839,4,8,True
4136,8011,8,4,False
7342,691,0,8,True
9768,1425,2,8,True
5927,9625,4,4,False
5264,603,2,8,True
7269,5877,0,6,True
8746,9189,2,0,False
3336,1090,5,9,True
9437,4135,6,2,False
2465,5829,6,2,False
8628,7743,6,6,False
7347,4552,9,3,False
6658,2400,9,5,False
1369,4337,7,1,False
5089,5619,2,6,True
4607,3653,6,4,False
1817,1757,2,0,False
6127,2891,0,2,True
3691,3916,5,3,False
3464,3667,1,7,True
4494,8519,3,7,True
40,9992,1,9,True
6810,4523,2,8,True
1777,7446,0,0,False
7804,6708,3,7,True
5464,1064,4,2,False
266,7186,8,4,False
8643,8469,5,1,False
9170,4426,9,9,False
5083,2903,5,5,False
3024,1,4,2,False
418,4572,2,8,True
4933,3787,5,3,False
8113,9721,1,7,True
3869,9715,9,1,False
9946,5098,1,5,True
7709,9865,6,0,False
3357,3350,4,6,True
6716,342,5,1,False
9452,8247,8,4,False
1369,4069,7,1,False
8959,9561,7,3,False
2418,9190,1,1,False
3534,1562,4,8,True
5123,3880,4,8,True
5254,8493,1,1,False
5170,1008,5,1,False
6141,4947,1,9,True
2776,7760,3,7,True
7201,8582,4,4,False
3664,8017,9,9,False
4680,7596,6,6,False
4584,1206,9,7,False
6392,8451,5,3,False
8471,2418,3,1,False
1908,1079,6,6,False
8721,8934,2,8,True
9441,2475,6,2,False
9215,4905,2,2,False
5300,5129,8,8,False
2978,9536,3,3,False
8139,3,2,0,False
8533,3592,3,9,True
513,2649,2,0,False
9232,2677,4,6,True
5029,6213,9,3,False
4976,7328,4,2,False
8615,2098,2,2,False
2121,4332,8,4,False
263,8586,7,1,False
241,7108,9,5,False
7547,6715,6,4,False
6842,9371,6,4,False
4857,9456,0,2,True
6609,2507,7,7,False
2383,1824,6,2,False
7670,2120,6,4,False
7241,1346,5,7,True
848,2673,1,9,True
5957,5384,5,1,False
4429,1474,8,8,False
5789,9407,7,1,False
3887,8535,8,0,False
8376,501,1,9,True
1245,7691,2,8,True
9003,5862,1,5,True
1969,8111,6,0,False
3067,8675,6,4,False
5174,3040,5,7,True
4984,3546,1,1,False
4505,9544,9,9,False
9129,6765,2,8,True
5535,4493,1,7,True
2031,3152,3,1,False
3977,8415,3,5,True
1638,5727,0,6,True
3739,9942,3,3,False
1340,5271,5,1,False
8801,8696,3,5,True
1853,7760,9,7,False
6724,64,7,7,False
9042,3280,8,2,False
8509,5919,1,9,True
5823,4705,2,2,False
1493,4007,5,7,True
846,8672,7,1,False
9748,2536,8,0,False
8672,2599,1,1,False
8328,2696,3,9,True
7264,9255,5,9,True
4198,211,9,5,False
1999,6628,5,1,False
6046,754,3,1,False
5958,3600,6,2,False
8903,4061,3,7,True
9629,9394,8,8,False
470,6488,8,4,False
8825,9384,7,7,False
2522,8815,3,7,True
8619,3000,0,6,True
1964,9288,9,7,False
7929,2419,6,8,True
5029,1217,9,9,False
5215,6692,3,9,True
9699,8751,1,9,True
3847,7781,0,2,True
3034,2685,9,9,False
1153,9687,6,0,False
1787,2570,9,9,False
5731,8256,0,6,True
1278,1508,3,9,True
5629,748,2,4,True
4911,6529,4,4,False
9543,8185,7,5,False
4264,315,1,9,True
2344,5657,7,7,False
4201,4232,1,1,False
5457,9472,1,9,True
3610,1574,4,2,False
7701,2890,7,7,False
93,944,3,3,False
4419,3511,8,2,False
7896,5081,1,1,False
7843,3624,6,0,False
848,4712,1,5,True
9352,1373,0,6,True
7296,8118,7,1,False
526,1528,3,1,False
7088,4524,7,1,False
3329,9988,7,5,False
284,209,9,9,False
9214,7561,9,1,False
9064,7959,4,6,True
7779,1753,5,1,False
1068,2859,8,8,False
1082,2021,5,5,False
5170,8250,5,9,True
8402,3093,7,5,False
6602,2087,0,0,False
626,4177,7,5,False
8430,9382,3,5,True
7842,3145,5,5,False
3004,4812,2,2,False
3051,6777,6,6,False
1208,5751,3,7,True
421,2891,2,2,False
9153,7711,9,7,False
3758,3258,4,2,False
2757,3797,1,5,True
4538,129,1,5,True
9992,1030,9,1,False
9198,3160,9,9,False
5565,1512,9,9,False
5267,8929,2,0,False
9024,8955,7,9,True
695,3494,1,7,True
1142,5138,4,8,True
2591,8321,7,7,False
4790,1587,6,6,False
8846,9509,9,1,False
3529,3848,9,7,False
2105,2518,3,5,True
1722,5438,2,8,True
7636,9711,1,7,True
5178,7705,4,6,True
7696,8681,4,0,False
439,1642,6,2,False
1764,7655,0,0,False
7915,7211,7,3,False
5790,3769,9,3,False
5273,6930,3,3,False
3650,9862,0,6,True
7266,8023,2,0,False
81,8967,6,6,False
5579,3149,5,9,True
6572,576,1,3,True
9155,4435,1,3,True
9827,4738,8,4,False
5240,3268,7,1,False
1712,1014,0,6,True
3091,6594,8,2,False
7221,425,0,4,True
8404,3079,9,7,False
7574,8728,4,8,True
9555,3463,6,4,False
4470,7702,0,0,False
5376,1294,8,0,False
3552,8072,5,5,False
3236,7677,7,7,False
2931,1545,3,9,True
3254,6250,6,0,False
7832,9133,1,5,True
117,8381,4,2,False
6136,2166,5,1,False
355,8009,8,8,False
9921,1599,6,4,False
2646,3483,7,9,True
7615,7058,8,6,False
360,6591,4,6,True
3053,3721,5,7,True
6167,1300,6,4,False
201,2935,6,8,True
2954,1325,0,8,True
4101,9274,9,1,False
3367,8991,2,0,False
8557,1316,9,1,False
3680,8042,0,6,True
7637,2650,2,8,True
6068,7815,6,2,False
6473,6295,0,4,True
6359,5564,8,4,False
4027,4213,7,9,True
7298,4564,9,1,False
4370,6396,0,4,True
8057,7452,0,0,False
1617,5146,3,3,False
2201,3133,4,4,False
7683,2828,2,4,True
6588,1951,0,6,True
3449,2427,3,3,False
4513,3185,8,0,False
3902,3679,5,1,False
9701,4919,9,9,False
1594,8713,9,3,False
9332,7884,3,9,True
3357,1185,4,8,True
8603,1964,3,9,True
757,4339,4,2,False
3153,1726,8,0,False
8733,2545,7,5,False
3833,2458,8,6,False
3874,9984,9,1,False
2690,80,3,7,True
5793,1118,6,8,True
5210,7665,9,1,False
3112,4431,8,4,False
528,7357,3,9,True
1344,9406,6,4,False
3422,4043,6,0,False
6218,5749,6,8,True
9595,8992,2,0,False
5007,136,6,0,False
7956,1305,3,1,False
1352,1616,2,6,True
254,5370,7,1,False
1910,438,5,7,True
8992,8824,0,6,True
7610,7419,3,7,True
3945,5391,2,6,True
9467,4782,9,3,False
1323,8105,4,8,True
4477,6033,0,6,True
9239,2176,0,2,True
9989,3340,6,8,True
8983,8709,0,4,True
8744,4649,6,6,False
4044,2221,3,1,False
783,2474,1,7,True
6220,3520,4,6,True
2211,870,8,6,False
6834,1314,8,4,False
9869,7476,7,3,False
9664,2864,2,2,False
2270,1265,7,3,False
2957,6527,5,1,False
6058,8231,1,1,False
4984,2273,1,1,False
3242,4845,0,8,True
8104,4484,6,6,False
2749,1058,7,9,True
642,7190,0,0,False
1403,3124,1,1,False
3384,4041,2,8,True
7634,212,9,9,False
4255,1933,5,7,True
6659,1511,8,4,False
8505,633,8,2,False
8615,5644,2,8,True
233,8889,8,2,False
3769,3038,3,7,True
5037,8721,2,2,False
7547,3653,6,4,False
5701,3106,8,2,False
4178,4651,1,1,False
9272,2772,9,5,False
5150,3423,3,7,True
9370,8002,3,9,True
8946,1343,3,9,True
4258,6074,4,2,False
4445,6040,2,0,False
8692,9073,1,3,True
1219,655,8,8,False
5043,3913,0,2,True
8117,6637,0,4,True
5730,3992,9,9,False
4463,2083,5,3,False
9279,132,7,5,False
5950,6013,8,4,False
4756,7359,8,2,False
4971,1405,5,5,False
4877,5232,1,1,False
9573,1115,7,5,False
7790,4216,1,1,False
5459,2491,0,2,True
6512,835,9,1,False
5827,1771,0,2,True
8300,8425,8,0,False
55,1356,0,2,True
1077,4341,4,2,False
5772,2299,2,2,False
2058,5136,2,6,True
4468,6625,4,8,True
1134,6575,3,3,False
2748,7611,0,4,True
6261,6580,6,0,False
8852,9862,6,6,False
7540,6955,6,8,True
9029,3958,6,2,False
8772,8424,0,2,True
8372,2857,9,9,False
674,3299,5,3,False
2537,752,4,4,False
6449,9599,7,1,False
5421,8943,6,2,False
6088,9281,6,0,False
8529,3923,4,6,True
9660,9460,7,3,False
1770,9460,7,3,False
6499,9076,2,6,True
1457,7143,0,8,True
2454,8732,6,6,False
4664,9294,3,7,True
6062,3447,0,6,True
3605,4262,1,1,False
2688,3146,1,3,True
4747,1469,7,3,False
4677,5046,7,3,False
3151,3428,2,6,True
3077,101,0,0,False
6688,3329,1,7,True
7643,1853,5,9,True
3947,573,3,3,False
7626,9035,1,5,True
837,2375,2,4,True
7661,7638,1,1,False
7597,7726,8,4,False
9928,921,4,2,False
8152,6896,0,6,True
5699,165,1,5,True
4520,8737,5,5,False
2624,7499,3,9,True
830,1478,2,6,True
2450,9378,3,1,False
4060,1638,4,0,False
4196,5052,5,1,False
310,2559,3,5,True
22,3042,6,4,False
1004,7584,1,7,True
3408,8659,5,1,False
3056,1941,9,7,False
4704,4127,6,2,False
6011,550,3,7,True
2403,6529,0,4,True
2852,404,8,2,False
246,8814,0,6,True
4178,2193,1,7,True
2921,5714,3,7,True
2212,7725,9,1,False
5977,2541,9,1,False
2839,2753,5,1,False
7309,54,8,6,False
9709,8367,5,1,False
3314,2987,1,5,True
6383,9627,0,6,True
7448,4334,5,3,False
5693,1382,6,4,False
2260,1570,2,0,False
7900,772,1,1,False
8936,4969,2,2,False
7438,5086,6,2,False
8173,8955,7,9,True
3589,8100,7,1,False
6205,2783,4,8,True
2158,8189,2,4,True
8343,8743,0,4,True
2100,5374,5,5,False
1442,3354,3,1,False
5837,7612,9,5,False
8543,5324,1,7,True
6849,4675,2,0,False
2821,6286,0,0,False
3663,9184,5,5,False
2941,9852,9,7,False
4757,2617,0,8,True
9662,2588,3,7,True
7515,9554,9,9,False
7637,875,2,2,False
7666,8330,8,8,False
403,6510,8,0,False
9316,2998,8,4,False
2959,327,2,0,False
1733,4497,6,8,True
3802,6199,2,8,True
7916,3715,1,3,True
7375,152,7,5,False
8873,8313,1,7,True
6840,5371,3,7,True
6356,647,1,1,False
9393,5532,7,7,False
3028,1728,5,1,False
4220,3656,3,7,True
4981,3348,2,8,True
9384,9690,7,7,False
9222,3558,1,5,True
612,8300,2,8,True
1504,2759,0,6,True
3096,91,4,6,True
7489,7353,9,1,False
2235,430,1,1,False
9221,6831,0,2,True
9962,5737,0,0,False
8971,7798,1,3,True
7277,1444,8,6,False
6054,2313,7,9,True
7840,2410,2,0,False
8486,3402,8,6,False
6218,5392,6,2,False
4197,7919,4,8,True
2159,678,5,9,True
1683,6845,3,7,True
5718,2954,0,0,False
8278,4926,0,6,True
6419,8817,1,9,True
2649,4350,0,2,True
2060,8763,0,0,False
7885,6802,4,4,False
1263,3048,4,2,False
1687,9575,8,8,False
3587,3381,9,3,False
3221,3407,3,3,False
7413,5153,4,6,True
2942,4477,0,0,False
6068,8310,6,2,False
7755,8542,8,6,False
2151,1179,3,1,False
6436,1105,9,9,False
2690,1393,3,5,True
2533,3005,3,9,True
9462,8333,8,6,False
8,1221,5,5,False
1897,1308,1,9,True
8403,2518,7,5,False
1005,4356,9,5,False
4640,6826,8,8,False
2836,4415,4,2,False
5988,2978,7,3,False
6727,2320,3,9,True
6573,8745,5,1,False
6758,4533,1,1,False
3764,741,0,2,True
9679,1819,6,6,False
6534,7367,2,0,False
8107,940,4,6,True
1013,1993,9,1,False
8061,7894,4,2,False
1611,4270,3,3,False
5861,6216,7,5,False
5801,6057,6,2,False
817,9347,6,4,False
4874,3623,9,5,False
7181,3172,8,4,False
9460,6432,3,3,False
2247,7902,5,7,True
9623,3173,2,6,True
1406,471,5,9,True
7688,9150,0,8,True
4639,659,8,2,False
3500,1381,4,2,False
3429,6828,4,2,False
5084,6698,4,2,False
641,7094,8,8,False
1516,5041,4,8,True
6591,9792,6,4,False
5854,3290,7,3,False
5074,2072,3,3,False
4999,298,0,2,True
5602,9252,9,9,False
7269,4631,0,0,False
2449,9333,0,4,True
4767,288,7,1,False
5467,1579,6,6,False
5294,8139,4,2,False
8748,8765,0,0,False
812,3836,5,7,True
645,2756,5,3,False
429,2744,8,8,False
9078,7198,8,8,False
1275,1613,4,8,True
6416,6832,9,5,False
9669,1882,4,8,True
418,5433,2,8,True
5151,5136,4,6,True
5722,8655,1,3,True
1887,3290,7,3,False
7771,6963,3,7,True
6635,7291,2,2,False
89,1304,1,9,True
2317,6960,7,7,False
3487,988,3,1,False
9455,8689,0,8,True
7156,8278,2,0,False
5725,3644,4,8,True
3723,2035,9,5,False
7167,2878,1,1,False
383,2545,7,5,False
2119,2615,8,4,False
8983,6025,0,4,True
2772,3528,5,3,False
1627,6712,9,1,False
5426,8552,4,4,False
9390,9797,3,3,False
765,4779,4,6,True
8714,2106,2,0,False
7683,5545,2,2,False
2213,5173,8,8,False
9672,707,4,4,False
9753,404,0,2,True
5456,6058,9,1,False
9373,4698,6,6,False
8126,3693,9,9,False
4237,1244,9,7,False
6905,3148,9,1,False
9710,8019,6,2,False
4212,4171,1,1,False
2908,1605,9,3,False
3856,1648,9,9,False
8357,7196,8,6,False
5061,7216,8,0,False
4228,1469,7,3,False
6171,2414,7,9,True
7758,3811,6,2,False
9019,9030,7,1,False
250,7815,4,2,False
9150,2614,8,8,False
6453,1950,3,7,True
3730,9561,7,3,False
5935,5279,3,9,True
8356,4435,7,3,False
4319,746,9,7,False
5897,7847,9,1,False
779,2858,5,9,True
718,160,8,4,False
8852,7955,6,2,False
7902,2128,7,3,False
418,3076,2,4,True
6105,1156,7,7,False
2743,3957,5,5,False
4825,353,8,6,False
4576,1457,4,0,False
4815,6950,7,3,False
590,1070,3,5,True
6088,2417,6,0,False
3460,3475,9,3,False
314,9219,1,3,True
7215,1564,3,7,True
9502,3583,4,8,True
3872,1006,9,7,False
5728,8545,7,1,False
3496,1319,0,8,True
686,4534,3,9,True
2228,6017,1,7,True
3864,3629,0,8,True
8468,2267,0,6,True
1964,2069,9,3,False
859,3763,7,5,False
4746,8539,7,5,False
2505,6784,7,9,True
2141,5091,7,1,False
6620,6790,5,3,False
8892,2736,1,7,True
5611,1409,8,2,False
699,1360,3,1,False
9947,7162,4,0,False
5477,2559,1,5,True
5972,6244,5,5,False
6612,3829,8,8,False
4799,7622,9,5,False
7437,7960,5,7,True
749,3649,1,1,False
4440,6364,5,7,True
949,808,1,3,True
5209,7683,8,2,False
1399,6613,0,6,True
1496,8113,7,1,False
4106,730,3,7,True
8931,5583,7,3,False
5879,2183,2,4,True
7310,5967,6,8,True
5132,4888,1,5,True
5295,4107,5,7,True
619,5371,1,7,True
1702,5976,8,8,False
7843,6019,6,4,False
8793,8960,2,4,True
5315,5456,9,9,False
1765,5071,3,7,True
6138,9064,4,4,False
632,9341,2,2,False
4707,7259,8,8,False
5884,3265,6,0,False
6567,1652,0,4,True
9673,2899,8,0,False
6442,1735,8,4,False
3612,6084,4,2,False
6354,3280,6,2,False
3671,7321,6,2,False
6445,815,1,3,True
5943,1092,1,3,True
3757,9297,8,0,False
981,9487,0,2,True
6972,6219,8,8,False
3707,9514,8,6,False
2569,8753,5,3,False
4446,5578,6,8,True
2861,3847,2,0,False
5100,9896,9,1,False
19,8085,4,0,False
7976,8069,4,2,False
3647,695,7,1,False
5,7849,1,3,True
312,2714,0,0,False
7839,7865,1,7,True
5197,5533,5,7,True
1883,4821,7,7,False
5682,3526,5,9,True
8929,5772,0,2,True
4115,4063,2,6,True
7667,4745,6,4,False
2450,9524,3,3,False
3186,858,8,2,False
598,2016,9,7,False
3277,5172,7,7,False
9029,8365,6,2,False
2655,3102,1,5,True
6835,8960,0,4,True
4240,9931,9,1,False
740,5051,4,0,False
7517,2686,1,5,True
5788,5413,6,8,True
4097,4234,3,3,False
3164,3178,6,0,False
8353,6082,2,0,False
2506,1824,0,2,True
4371,6550,8,6,False
8837,4742,7,7,False
1561,396,4,2,False
9789,6889,4,8,True
5242,6299,9,3,False
486,4447,8,0,False
552,8414,0,0,False
8324,23,1,5,True
55,2779,0,0,False
9511,5551,3,7,True
5443,5278,0,8,True
9291,5410,1,5,True
985,3242,2,0,False
8653,3360,5,7,True
2449,9103,0,4,True
3298,6343,4,8,True
8303,8591,1,7,True
5845,1281,7,5,False
8900,2316,9,1,False
8873,696,1,1,False
6024,7116,8,6,False
7566,7371,0,8,True
4606,4563,1,1,False
1006,2987,7,5,False
3385,349,9,3,False
8947,6477,4,8,True
9118,2794,2,0,False
4166,2660,0,0,False
3406,9691,8,8,False
8202,4426,7,9,True
773,8534,9,9,False
8925,4115,4,2,False
481,4900,9,7,False
6154,1870,8,0,False
7564,9256,2,6,True
5822,4514,4,4,False
4622,9700,6,2,False
5087,7885,0,4,True
8590,7647,9,7,False
141,1810,7,5,False
332,6239,1,1,False
469,5552,5,1,False
4088,4977,9,1,False
8153,1222,2,4,True
769,4634,6,8,True
4315,9125,5,3,False
8576,7984,0,4,True
4897,4132,6,6,False
6932,4564,5,1,False
9912,18,1,3,True
8524,3257,8,2,False
1874,5326,5,7,True
6184,1215,3,3,False
3592,857,9,5,False
8061,9718,4,4,False
9273,1047,0,0,False
1266,1578,6,6,False
4957,1461,0,4,True
3209,7941,6,8,True
4157,940,0,6,True
5968,1070,9,5,False
7820,3722,0,4,True
1284,1896,3,5,True
8027,6437,8,0,False
4987,7792,4,6,True
9683,3134,4,2,False
1008,2567,1,7,True
5305,1991,0,2,True
830,4495,2,0,False
9902,6752,0,0,False
3784,9378,1,1,False
6259,8241,0,8,True
1505,9288,7,7,False
7175,6798,0,0,False
5088,8116,6,6,False
8257,1629,7,5,False
3937,6233,1,1,False
4621,3848,3,7,True
7834,7482,4,2,False
5599,3541,6,4,False
8682,8130,1,3,True
7379,3901,8,6,False
1743,4293,9,9,False
2349,3617,8,6,False
3104,5356,3,3,False
2292,9784,9,9,False
332,7142,1,5,True
1234,8912,8,8,False
3669,7256,1,9,True
3874,8538,9,1,False
3396,5659,2,0,False
7429,170,4,4,False
5882,8935,3,9,True
1305,4249,1,1,False
6485,4745,8,4,False
4381,2237,5,5,False
5756,8610,0,4,True
4669,4013,7,1,False
6154,6752,8,0,False
9783,9826,4,0,False
1001,5849,0,2,True
9467,5442,9,1,False
9506,8945,8,4,False
7675,1494,3,7,True
5,2808,1,7,True
9296,7871,0,8,True
5094,3753,7,7,False
3854,501,7,9,True
4768,7154,4,2,False
3388,2350,4,2,False
6657,6921,8,0,False
9162,6532,0,0,False
8388,3242,0,0,False
8634,8047,0,2,True
4480,2875,9,9,False
9526,9516,4,8,True
8009,8249,8,8,False
6296,7818,8,4,False
4699,1802,6,2,False
7399,7,1,9,True
882,239,9,1,False
1953,8180,3,5,True
783,7519,1,3,True
9003,3120,1,3,True
6639,1458,6,6,False
4324,7919,4,8,True
2374,5825,2,4,True
8630,9467,5,9,True
8893,1361,9,7,False
6581,1159,2,4,True
443,250,0,4,True
1865,5390,4,2,False
188,8423,0,6,True
2888,5811,7,1,False
6698,4567,2,4,True
5148,2760,1,9,True
2020,1889,3,3,False
7888,1393,5,5,False
2968,4255,7,5,False
4814,1464,6,8,True
8962,813,9,9,False
3168,8924,9,3,False
8791,3120,7,3,False
4627,5417,6,2,False
5811,2697,1,5,True
2730,8502,7,5,False
6693,8280,6,4,False
3823,9138,2,6,True
6718,3438,9,1,False
480,6421,1,3,True
8731,3817,0,2,True
5756,4860,0,4,True
9358,106,0,2,True
7482,4092,2,8,True
2497,5325,9,5,False
502,2032,5,3,False
9275,4658,3,7,True
7494,5838,4,0,False
9262,8214,7,5,False
2526,9560,5,7,True
5302,4368,5,5,False
311,765,0,4,True
6307,8252,7,1,False
743,9099,6,4,False
1182,9961,6,6,False
7946,3308,3,7,True
1714,2833,9,7,False
2709,7739,4,2,False
9686,5938,2,6,True
2545,8286,5,1,False
1580,8112,4,2,False
8840,7374,3,3,False
6061,2788,3,1,False
4787,1181,6,6,False
962,8020,9,1,False
5191,2211,4,8,True
6166,1492,9,9,False
3222,5643,6,2,False
247,1996,4,6,True
3453,818,7,1,False
3878,187,7,5,False
7799,4200,9,7,False
1845,2880,3,1,False
3351,8736,1,7,True
8783,5831,5,1,False
1240,3147,1,9,True
4741,7410,0,0,False
9377,6021,0,4,True
5258,8186,1,3,True
1658,7723,2,0,False
8126,2379,9,1,False
2371,9269,4,6,True
148,3201,0,2,True
7599,192,0,0,False
8457,8650,9,1,False
6130,5440,6,4,False
5701,9775,8,6,False
9978,6934,1,7,True
5120,8763,2,0,False
46,6787,1,9,True
6150,401,8,8,False
3920,634,7,9,True
6505,7357,9,9,False
7721,5088,6,6,False
1264,6761,4,4,False
9848,438,1,7,True
6338,2011,1,3,True
3531,349,3,3,False
9586,5477,7,1,False
4242,7962,3,9,True
9526,9487,4,2,False
390,8639,2,2,False
1452,7809,9,5,False
8144,4016,7,9,True
9598,5192,6,2,False
7344,9260,1,5,True
9446,3233,2,4,True
717,1437,0,4,True
9943,8422,3,9,True
3360,1146,7,5,False
9652,1513,7,3,False
6897,8889,8,2,False
4688,9391,3,5,True
1371,620,8,0,False
551,1640,7,9,True
9521,6330,2,2,False
3634,5435,0,0,False
9676,630,9,9,False
3981,3826,9,5,False
8441,6477,6,8,True
5964,9036,5,7,True
9607,6997,6,4,False
1206,6042,7,5,False
5665,6295,6,4,False
3750,2174,5,3,False
1119,9384,7,7,False
7269,5828,0,0,False
7805,9751,8,2,False
9962,9118,0,2,True
2510,8809,1,1,False
3145,9515,5,7,True
7756,510,9,7,False
3629,8683,8,2,False
1744,4789,6,8,True
9944,6455,3,3,False
7369,7816,8,6,False
2713,3013,0,0,False
1410,8037,2,8,True
5489,2828,8,4,False
8045,5252,1,1,False
327,8097,0,8,True
2088,6481,9,3,False
5582,1988,9,1,False
1372,4345,2,2,False
7456,6878,4,2,False
2657,3710,0,0,False
7140,605,3,7,True
341,1762,6,0,False
7666,1956,8,4,False
5223,7019,5,1,False
8391,8285,7,7,False
4421,8031,4,2,False
4227,9187,0,8,True
1694,3020,8,0,False
7755,3830,8,0,False
6749,7122,6,6,False
8176,6835,4,0,False
5904,798,3,1,False
534,4803,6,4,False
2315,6743,1,1,False
