441,4609,0,4,True
3705,2330,8,4,False
9062,1446,2,2,False
489,455,1,1,False
3634,3867,0,0,False
9330,3319,8,8,False
3556,7246,5,9,True
93,2567,3,7,True
5465,4459,7,7,False
3577,5636,2,2,False
1547,6342,4,0,False
5995,5755,8,6,False
683,7411,3,1,False
6319,1324,0,8,True
9984,5804,1,3,True
1178,774,4,4,False
4857,1341,0,2,True
1682,6343,2,8,True
7311,5860,3,3,False
6185,5938,4,6,True
4468,1203,4,0,False
8872,4082,8,0,False
7702,6334,0,6,True
8998,3538,9,9,False
893,3702,9,5,False
5284,6695,4,4,False
1058,3404,9,9,False
3426,8058,9,1,False
7399,2301,1,7,True
2259,3977,9,3,False
9438,6901,1,1,False
5808,3532,7,1,False
8470,8200,2,6,True
796,1841,2,0,False
2677,7038,6,6,False
6425,6362,6,4,False
8543,4049,1,7,True
1921,8921,6,0,False
5461,1789,1,3,True
7000,2551,1,3,True
45,4232,5,1,False
8438,1775,2,0,False
8201,9828,3,3,False
2537,6252,4,6,True
8961,8812,4,4,False
9962,5427,0,2,True
288,1793,1,9,True
4919,3866,9,1,False
4017,9433,4,8,True
1431,8083,2,6,True
8849,2107,0,8,True
7909,9131,2,2,False
4442,8770,2,4,True
3418,8710,7,5,False
5226,6649,8,8,False
7059,8366,7,5,False
1935,3997,7,7,False
1077,5664,4,4,False
9791,9203,0,4,True
9792,3665,4,6,True
1199,993,6,0,False
1149,544,8,4,False
1122,8304,7,7,False
4667,8073,8,6,False
8960,2197,4,4,False
3922,7626,1,1,False
3040,1513,7,3,False
7175,5927,0,4,True
6622,7531,1,5,True
1636,1018,4,8,True
5447,1760,9,1,False
3218,3198,6,8,True
2268,6793,7,9,True
4667,7705,8,6,False
1267,7376,8,4,False
861,8985,6,8,True
1557,3934,4,8,True
6777,8077,6,0,False
3451,6452,7,7,False
2758,6327,8,8,False
6514,4445,8,2,False
4577,6813,5,5,False
2510,3028,1,5,True
3501,934,9,5,False
5257,968,0,4,True
9720,7930,6,2,False
959,8441,4,6,True
3134,1161,2,6,True
3911,6737,0,4,True
9470,4114,2,2,False
1377,6993,6,2,False
4191,3283,1,3,True
3857,4262,9,1,False
2095,4795,7,9,True
5064,1143,7,7,False
7631,9358,6,0,False
1234,8934,8,8,False
8405,4445,8,2,False
5834,1163,6,4,False
6178,4789,8,8,False
7295,9033,6,4,False
9869,8541,7,7,False
9211,5024,4,2,False
2218,4432,4,0,False
1790,9193,2,4,True
4558,4731,4,8,True
5736,3389,6,8,True
8162,7881,3,1,False
809,1490,1,3,True
4433,694,7,5,False
5581,2176,6,2,False
2589,7124,9,7,False
9061,142,1,3,True
1266,2470,6,8,True
6169,9694,4,8,True
7156,2127,2,0,False
5163,6094,8,6,False
5979,3509,4,8,True
1711,5920,2,6,True
2505,3826,7,5,False
2977,6867,2,4,True
3021,5557,2,2,False
4000,4280,9,9,False
1813,6384,8,2,False
7834,3696,4,2,False
7669,5844,4,6,True
3670,3595,3,5,True
3239,6641,2,8,True
4471,1102,7,5,False
5632,8230,5,9,True
8663,5313,9,7,False
1936,4385,2,2,False
9666,4447,0,0,False
1817,9928,2,4,True
5550,5020,1,5,True
9784,8265,9,7,False
6428,9595,0,2,True
4260,748,2,4,True
23,8403,5,7,True
6086,7179,4,6,True
5519,5260,0,4,True
5037,8425,2,0,False
6572,5225,1,3,True
4730,8957,7,3,False
3222,7011,6,8,True
2792,9931,9,1,False
6535,8854,3,3,False
5096,4819,4,0,False
7158,9648,6,0,False
7498,7124,5,7,True
3449,8261,3,1,False
2720,1355,9,7,False
8328,9996,3,3,False
1501,3795,9,3,False
3630,3175,3,1,False
435,781,8,8,False
7907,1227,0,2,True
6673,9294,1,7,True
6406,8216,6,8,True
3936,2366,7,1,False
1778,7083,4,4,False
2949,8610,8,4,False
797,9005,5,1,False
2042,7601,0,0,False
7735,8826,8,8,False
7136,9883,9,5,False
8854,7191,3,1,False
7898,7492,0,2,True
3990,4443,1,3,True
3861,4397,9,3,False
1235,4583,5,5,False
4545,5619,8,6,False
8720,1289,1,5,True
2498,3839,4,2,False
2474,3452,7,1,False
6921,6797,0,2,True
8766,7513,3,7,True
992,3328,9,7,False
6254,9431,1,3,True
9574,6347,8,8,False
86,5639,7,9,True
6263,6741,7,7,False
8116,3653,6,4,False
7021,7832,7,1,False
6480,5626,2,2,False
2646,7538,7,7,False
8872,467,8,2,False
9558,9119,3,5,True
1407,7137,2,4,True
7693,3052,0,0,False
4373,6328,4,0,False
3414,7326,5,3,False
5412,6091,7,9,True
6789,4059,1,5,True
7824,346,6,0,False
5847,3722,0,4,True
688,541,6,4,False
3327,366,2,6,True
3964,2112,8,2,False
1834,9114,1,5,True
7741,4289,4,2,False
2690,9774,3,1,False
2744,5213,8,6,False
9627,452,6,2,False
9295,6034,1,3,True
3161,1208,7,3,False
1694,5057,8,6,False
9410,704,8,0,False
8606,6901,7,1,False
1096,8170,7,5,False
189,6758,1,1,False
1704,6981,1,5,True
7418,2477,1,9,True
2825,8429,1,3,True
9941,8696,5,5,False
7496,7018,9,5,False
5168,3966,3,9,True
4672,7505,0,0,False
7735,9473,8,4,False
5389,437,5,3,False
5210,2916,9,9,False
3420,5689,1,1,False
5466,4491,7,1,False
8980,150,1,9,True
1431,4023,2,0,False
7881,8974,1,7,True
7922,8157,2,8,True
254,1497,7,7,False
3580,6507,7,9,True
5129,9681,8,8,False
7630,8946,5,3,False
6858,8893,7,9,True
5640,7318,7,9,True
4904,4049,3,7,True
2022,3232,4,4,False
1911,8658,5,1,False
3218,3602,6,6,False
4430,9520,3,1,False
1627,3101,9,7,False
3669,5794,1,1,False
5068,258,4,2,False
4598,765,4,4,False
9195,4905,6,2,False
8161,1706,2,4,True
9541,4779,4,6,True
7717,7098,1,7,True
2951,813,5,9,True
7698,1830,5,1,False
6687,8176,4,4,False
9598,902,6,4,False
2471,9354,6,8,True
1360,4002,1,3,True
9271,6937,8,0,False
8681,6347,0,8,True
7138,4758,1,3,True
4884,9188,9,9,False
1651,3465,8,4,False
4434,1365,8,2,False
3989,2905,0,8,True
2621,49,2,4,True
7264,9584,5,5,False
4665,502,9,5,False
4834,4745,0,4,True
1128,3769,3,3,False
9523,3150,5,3,False
1837,8799,3,1,False
2469,4449,6,6,False
1203,1002,0,2,True
5151,9904,4,2,False
7077,1999,5,5,False
4865,6483,7,5,False
8078,8718,1,7,True
7055,1284,3,3,False
7192,5396,2,6,True
389,1477,9,7,False
9565,9766,4,4,False
4506,9585,2,0,False
2938,7833,4,4,False
4461,2913,5,5,False
7936,1476,3,5,True
5583,6572,3,1,False
5148,1684,1,5,True
5513,6854,0,4,True
4623,6443,7,9,True
7569,1461,8,4,False
4061,5182,7,9,True
6749,8554,6,6,False
9016,7696,0,4,True
856,2991,5,3,False
8045,7130,1,3,True
3389,4468,8,4,False
4832,7295,6,6,False
1941,438,7,7,False
2652,5202,2,4,True
9178,6802,6,4,False
3727,1905,8,6,False
1881,2494,9,9,False
4676,8219,1,1,False
6683,7793,1,5,True
3929,7365,5,3,False
6402,3205,6,8,True
1182,4626,6,8,True
5457,8202,1,7,True
37,4539,1,7,True
9481,9368,5,1,False
2399,7207,7,3,False
5542,5328,3,3,False
7344,5160,1,5,True
3972,9506,6,8,True
3776,6619,5,7,True
5335,7873,4,0,False
6204,2456,3,9,True
579,2024,7,7,False
1624,7095,7,9,True
8744,7609,6,2,False
2396,6834,2,8,True
1261,7815,0,2,True
5431,6393,1,9,True
5494,8866,2,8,True
5072,7869,1,1,False
1160,3905,4,8,True
3669,1463,1,3,True
1596,1627,9,9,False
2670,4785,5,3,False
775,5430,2,0,False
4926,5989,6,6,False
6938,2342,1,9,True
8826,6864,8,8,False
2846,2937,6,0,False
6384,4012,2,4,True
9419,2303,7,3,False
7685,4248,2,2,False
4105,135,1,1,False
4610,8834,9,5,False
1248,7354,8,0,False
9489,4781,1,7,True
4027,7372,7,5,False
3175,6182,1,1,False
1721,3837,7,5,False
9245,5760,9,3,False
4722,333,5,5,False
4393,114,3,7,True
8253,4807,2,8,True
5895,3644,2,8,True
4188,2269,0,2,True
661,5173,0,8,True
510,9362,7,9,True
2105,1455,3,9,True
5233,6683,9,1,False
3346,2194,0,6,True
8573,8100,7,1,False
2634,4131,3,5,True
4719,5432,1,5,True
7787,1266,6,6,False
3744,6625,6,8,True
1460,6353,5,7,True
4432,8915,0,2,True
7569,6154,8,8,False
9438,6121,1,7,True
1745,3778,9,5,False
378,9071,1,1,False
9843,3575,9,7,False
7729,5066,2,6,True
1868,2262,1,7,True
624,5104,2,4,True
1860,1566,5,7,True
8932,2249,8,4,False
7315,5961,5,9,True
9485,2504,1,1,False
1603,7895,1,9,True
4492,504,3,1,False
3491,7148,9,9,False
3815,5821,1,5,True
6134,9048,6,2,False
963,6407,1,1,False
3027,1953,1,3,True
1480,3420,3,1,False
861,5581,6,6,False
2108,9383,2,6,True
1162,9208,6,4,False
9756,3596,6,4,False
5494,2454,2,6,True
4639,2404,8,4,False
8973,4188,2,0,False
1843,456,0,2,True
271,5986,0,4,True
9798,5421,2,6,True
2917,4446,4,6,True
2119,7016,8,8,False
1065,7923,2,8,True
5808,8290,7,3,False
7524,8368,8,6,False
736,8664,4,4,False
7392,481,7,9,True
7970,6700,6,4,False
1741,7911,7,1,False
1166,1290,3,3,False
9816,2392,7,3,False
2111,4608,8,8,False
6120,9642,5,9,True
7315,8164,5,1,False
1605,1834,3,1,False
7161,7518,0,2,True
6897,5677,8,4,False
6414,6692,5,9,True
5241,7110,0,6,True
4101,6012,9,1,False
7891,1145,6,4,False
1425,1556,8,8,False
1554,5988,9,7,False
9240,1010,6,4,False
1954,6619,5,7,True
6811,815,3,3,False
9684,5000,7,3,False
1670,9332,5,3,False
2593,8024,0,6,True
1815,5851,4,4,False
1838,4471,1,7,True
7147,9325,2,0,False
4475,511,4,4,False
4573,5175,2,4,True
5630,89,1,1,False
2388,9414,6,0,False
1104,2285,7,7,False
1534,8814,0,6,True
6284,7001,4,2,False
5473,2544,5,9,True
4988,5203,9,1,False
885,2609,6,6,False
843,1373,4,6,True
7142,6829,5,1,False
9796,7130,1,3,True
4363,3469,9,3,False
5772,7158,2,6,True
4753,9867,8,2,False
8508,4931,3,1,False
3671,6588,6,0,False
140,3402,6,6,False
3408,2229,5,3,False
4646,5254,1,1,False
146,8262,8,2,False
2820,2070,7,7,False
8603,3721,3,7,True
1136,6386,1,5,True
7263,331,0,2,True
1239,5013,3,1,False
9265,6508,1,9,True
4646,1844,1,1,False
317,5207,5,5,False
7668,6040,6,0,False
7271,1767,2,4,True
7255,9800,0,0,False
8463,1254,5,1,False
4967,5453,9,1,False
5568,2811,6,0,False
8484,1915,4,2,False
5840,5875,2,8,True
3933,1711,2,2,False
4282,3298,0,4,True
2537,1267,4,8,True
8211,7724,6,2,False
9120,5181,1,3,True
2438,7088,9,7,False
7794,7363,2,0,False
4400,9549,7,1,False
5886,8434,6,4,False
5199,7693,6,0,False
593,911,9,7,False
4600,1217,3,9,True
9886,8424,6,2,False
7464,9376,9,9,False
7488,9504,4,6,True
5387,7914,8,6,False
1043,7502,4,8,True
5744,1410,8,2,False
659,4136,2,8,True
7081,8465,9,7,False
6082,6237,0,6,True
6224,6576,1,7,True
9649,831,1,1,False
1048,5285,9,5,False
9269,6450,6,8,True
4056,9725,5,1,False
5577,1372,4,2,False
5846,5198,8,8,False
2068,9602,9,1,False
5188,9286,8,8,False
5262,2040,9,5,False
7054,8452,2,4,True
270,5815,3,3,False
2888,3454,7,1,False
7844,3073,7,1,False
2295,2598,0,8,True
4962,1685,2,6,True
5641,2178,2,0,False
2501,2599,3,1,False
2771,7287,4,8,True
6843,6088,0,6,True
7389,4789,6,8,True
3779,8633,1,1,False
5184,7803,8,8,False
6143,9480,4,2,False
7451,4528,5,3,False
8122,8518,5,3,False
2595,3189,7,7,False
4173,879,2,8,True
5964,8959,5,7,True
8576,2093,0,8,True
1340,2576,5,1,False
7247,8293,1,3,True
7283,1534,4,0,False
7510,5842,4,4,False
6921,896,0,0,False
8106,6008,7,1,False
6444,1373,0,6,True
3625,426,1,9,True
1603,5372,1,7,True
2296,643,2,2,False
7618,2245,1,1,False
7238,9925,7,3,False
1333,339,0,6,True
3470,2411,5,1,False
1785,4621,1,3,True
5051,2047,0,6,True
3963,7001,2,2,False
1003,1783,5,7,True
9636,8660,3,3,False
8566,9563,8,8,False
2391,4891,2,0,False
20,9918,9,9,False
3885,9222,9,1,False
2987,1367,5,3,False
1082,8494,5,3,False
6514,7823,8,8,False
6459,6245,6,8,True
239,5732,1,1,False
5768,4020,6,8,True
9686,5559,2,4,True
748,5895,4,2,False
2812,7493,9,7,False
2923,2175,9,1,False
7621,622,4,4,False
3225,687,7,3,False
715,5286,2,6,True
8328,6408,3,1,False
4077,575,1,9,True
4805,5965,2,0,False
5554,4573,0,2,True
6144,7275,4,6,True
7088,6214,7,9,True
2983,8003,9,7,False
5896,8393,1,3,True
1318,6840,1,3,True
7166,3035,6,2,False
5150,1655,3,9,True
5483,4960,0,8,True
7191,9723,1,9,True
2674,7157,1,3,True
7217,673,1,9,True
9918,7005,9,1,False
917,1190,7,5,False
5837,8289,9,1,False
542,2383,8,6,False
537,2024,1,7,True
3931,6122,6,6,False
6157,9166,9,7,False
2552,7491,8,0,False
5978,7157,1,3,True
9538,2296,4,2,False
6405,5029,5,9,True
4018,1820,3,1,False
3137,8294,4,8,True
9075,1884,5,1,False
4183,7197,9,7,False
4798,8165,6,2,False
2057,2249,6,4,False
7526,2894,0,0,False
1406,5121,5,7,True
1037,8887,1,1,False
4795,2545,9,5,False
6036,8456,2,8,True
2042,3348,0,8,True
3939,8211,6,6,False
6027,9205,2,8,True
7538,8914,7,1,False
1438,1116,0,4,True
6407,7717,1,1,False
6598,9288,5,7,True
2099,5306,8,8,False
7492,7755,2,8,True
2051,8909,1,5,True
2150,7201,6,4,False
2085,8611,2,0,False
5101,2758,4,8,True
5403,3737,8,8,False
8387,4556,7,9,True
4187,3280,2,2,False
2013,4844,1,5,True
8347,2821,4,0,False
2864,5653,2,0,False
497,1365,4,2,False
9596,4438,8,4,False
9510,6943,2,6,True
8276,9066,4,6,True
4835,7798,9,3,False
6773,4992,2,0,False
1150,955,3,5,True
7321,6927,2,0,False
7489,3277,9,7,False
9787,2312,3,3,False
5112,5546,1,9,True
2091,5953,7,1,False
5348,4033,4,0,False
1964,4293,9,9,False
3997,2277,7,1,False
861,4876,6,2,False
9929,6729,7,1,False
2672,5475,6,2,False
3028,2565,5,7,True
8316,7529,7,3,False
4932,8026,1,3,True
1504,6557,0,0,False
3889,3464,9,1,False
773,807,9,3,False
7988,9643,5,1,False
4583,8672,5,1,False
1800,7172,6,6,False
4432,6113,0,6,True
5873,710,1,5,True
812,9217,5,3,False
6056,9193,8,4,False
1166,6208,3,7,True
8885,4492,7,3,False
2146,1604,8,2,False
5998,5445,1,5,True
2317,3171,7,5,False
8072,640,5,1,False
655,2272,8,8,False
7638,8396,1,1,False
2406,9784,9,9,False
5483,5340,0,2,True
6554,5023,2,4,True
8188,8232,7,5,False
9094,4793,9,7,False
243,5912,7,3,False
1763,6706,3,5,True
408,9637,3,7,True
4262,9338,1,5,True
871,9710,0,6,True
2731,8467,3,9,True
2372,3910,7,3,False
9519,1843,0,0,False
339,7342,6,0,False
6739,2444,3,1,False
3276,6609,1,7,True
992,2239,9,1,False
9322,5438,8,8,False
8487,6055,5,9,True
2776,7416,3,7,True
8827,5682,9,5,False
9843,7811,9,1,False
4117,4675,8,0,False
3632,4761,7,9,True
3335,7890,5,1,False
7738,5598,1,5,True
4612,1950,7,7,False
6353,5542,7,3,False
4879,717,8,0,False
1258,5563,5,7,True
4120,7725,3,1,False
3366,8947,4,4,False
9081,4337,1,1,False
1826,9763,0,0,False
4043,863,0,2,True
3870,885,0,6,True
6892,5521,0,2,True
1627,2232,9,9,False
9138,2645,6,4,False
7659,7695,5,7,True
4824,5383,0,6,True
946,1439,7,9,True
8889,625,2,6,True
6968,2949,0,8,True
6616,8236,2,8,True
4860,629,4,2,False
5007,9441,6,6,False
5605,4783,2,4,True
8777,8469,3,1,False
2164,8144,1,7,True
4359,3083,5,3,False
5526,2724,0,8,True
4138,2973,1,9,True
5647,4954,8,2,False
2942,6765,0,8,True
8327,5252,5,1,False
6689,1579,4,6,True
2350,7943,2,0,False
4000,96,9,1,False
6165,3808,5,7,True
4284,5285,9,5,False
9407,9258,1,1,False
4389,6010,8,2,False
1047,1977,0,6,True
4909,2569,1,5,True
8115,4975,3,9,True
4954,6137,2,8,True
3646,2209,0,0,False
2478,7334,9,7,False
6690,8875,3,1,False
8686,3515,5,3,False
9915,1375,4,2,False
8533,5805,3,9,True
9375,1882,8,8,False
9099,8394,4,2,False
9521,8917,2,4,True
2754,5484,6,6,False
1861,3299,1,3,True
1471,8246,5,3,False
887,7311,3,3,False
8529,6926,4,6,True
9113,923,7,3,False
4928,332,3,1,False
4094,41,5,7,True
9621,1230,0,4,True
7058,5765,6,8,True
8993,1015,4,4,False
7857,546,2,0,False
6577,2885,7,1,False
7009,6261,4,6,True
7238,6065,7,3,False
1283,8710,7,5,False
5819,1981,6,6,False
8927,6554,8,2,False
3698,66,0,6,True
5007,7710,6,2,False
8597,6095,3,5,True
4133,7678,2,2,False
2513,4420,7,5,False
1892,553,0,8,True
9919,229,7,7,False
3431,1148,4,0,False
9885,572,0,8,True
9649,773,1,9,True
744,6709,2,8,True
3786,8716,1,3,True
947,2337,8,6,False
3784,9300,1,7,True
9327,9650,7,7,False
3831,4830,9,5,False
8662,3676,4,4,False
4802,4408,3,9,True
9246,9847,2,2,False
7114,9232,8,4,False
747,5533,3,7,True
8471,5106,3,9,True
6571,2408,9,3,False
6050,2945,7,3,False
3891,3639,9,1,False
2320,7470,9,3,False
9351,6878,2,2,False
9003,8559,1,1,False
6475,4048,4,0,False
3262,5295,7,5,False
7488,6199,4,8,True
8896,3204,6,8,True
4488,6297,6,8,True
1227,3172,2,4,True
7976,3490,4,4,False
4853,223,1,7,True
3195,1965,2,2,False
3918,9750,5,3,False
6613,3982,6,0,False
4540,6116,7,3,False
8630,5766,5,3,False
4201,5776,1,1,False
7515,1597,9,9,False
5134,3261,5,3,False
5009,6664,9,3,False
9352,3680,0,0,False
294,4380,0,8,True
4722,2463,5,7,True
5515,3819,2,4,True
9206,3968,9,5,False
8899,5414,9,9,False
7881,7915,1,7,True
2695,5646,7,1,False
2336,9082,4,2,False
2946,8753,1,3,True
8709,581,4,0,False
821,121,0,4,True
2232,3743,9,7,False
2500,166,2,4,True
8399,7593,6,0,False
962,9973,9,9,False
7867,229,9,7,False
8843,9162,8,0,False
176,245,1,3,True
8656,4595,5,1,False
8342,7166,0,6,True
1790,1593,2,6,True
4019,3223,6,2,False
5683,4288,9,3,False
1258,5997,5,5,False
7403,9132,5,5,False
3749,5033,6,0,False
546,1558,0,0,False
6092,6060,1,1,False
894,137,3,1,False
1389,8309,8,4,False
5314,9147,1,7,True
8775,722,4,4,False
3521,9421,8,2,False
4330,739,5,5,False
4707,9029,8,6,False
3021,5267,2,2,False
3446,9764,0,4,True
6637,1293,4,6,True
2603,9113,9,7,False
9420,6488,8,4,False
6168,2263,9,9,False
8320,5785,2,2,False
1621,7277,0,8,True
1273,5698,0,4,True
5227,453,1,3,True
7264,7916,5,1,False
5946,9189,4,0,False
6956,2967,9,7,False
1368,9986,1,3,True
3975,1166,3,3,False
4482,2579,2,8,True
2501,6255,3,3,False
5789,1718,7,7,False
100,5163,6,8,True
5780,4314,3,9,True
2199,1453,6,4,False
7172,7469,6,2,False
1667,397,1,5,True
5923,9208,4,4,False
9934,9951,8,0,False
6190,185,9,9,False
6663,6228,7,9,True
9306,4046,6,4,False
6350,2835,6,4,False
4496,5049,8,8,False
7958,2345,5,9,True
2795,7231,6,0,False
6783,4793,1,7,True
1226,5796,7,3,False
3977,7998,3,7,True
7623,1790,8,2,False
5108,128,0,8,True
5326,6105,7,7,False
7095,5364,9,5,False
9591,2212,1,9,True
5140,9733,3,9,True
7971,5264,8,2,False
6637,5348,4,4,False
7924,9298,7,5,False
5449,6283,2,6,True
6318,5862,9,5,False
9371,3332,4,4,False
9136,467,8,2,False
3380,7065,1,3,True
1098,6589,3,7,True
2255,4844,3,5,True
4221,2572,4,2,False
6059,1171,3,7,True
9650,7728,7,1,False
8640,8182,9,9,False
8782,577,9,3,False
8676,9584,5,5,False
1827,4141,8,8,False
2670,9884,5,7,True
9359,6660,2,4,True
6934,1709,7,9,True
1638,4348,0,0,False
8490,8616,0,4,True
7417,6256,8,4,False
7470,9505,3,7,True
5770,436,6,8,True
1684,4728,5,5,False
1369,1856,7,3,False
5826,5230,6,6,False
7344,3328,1,7,True
5588,7673,1,5,True
7295,7532,6,6,False
1072,4799,3,9,True
1930,401,2,8,True
1760,2633,1,9,True
8577,2920,4,6,True
5531,9310,0,0,False
7458,3750,3,5,True
2952,2974,3,1,False
6368,449,5,3,False
7485,9857,0,8,True
6243,63,7,3,False
3427,4666,6,2,False
9605,1692,4,0,False
6113,5450,6,0,False
7619,1914,2,8,True
7896,8525,1,7,True
9638,6239,9,1,False
9481,1832,5,3,False
5642,7388,1,5,True
4992,9818,0,0,False
2213,5251,8,0,False
3964,5119,8,2,False
3071,6245,2,8,True
8492,6477,2,8,True
9624,2237,3,5,True
6813,2967,5,7,True
8684,2781,3,9,True
8139,4849,2,8,True
3154,5270,4,0,False
849,5762,3,1,False
8059,2265,2,4,True
6406,9339,6,0,False
6589,7936,7,3,False
7157,7884,3,9,True
1389,9396,8,0,False
3671,4899,6,2,False
4607,3728,6,4,False
2694,7377,9,9,False
8883,8254,7,3,False
9521,1916,2,6,True
8776,5891,1,5,True
7346,9078,6,8,True
7083,1701,4,4,False
4997,555,2,4,True
4222,5594,3,1,False
7310,1965,6,2,False
3508,9782,2,6,True
9845,6895,1,9,True
2327,3439,2,0,False
998,9476,8,2,False
8600,4516,1,1,False
5419,4912,4,4,False
9255,4292,9,1,False
2248,6851,2,8,True
4639,2120,8,4,False
4166,2433,0,2,True
3993,6316,7,7,False
2288,9327,3,7,True
6670,6032,1,9,True
1201,1497,1,7,True
8331,4463,5,5,False
7326,7870,3,5,True
9399,36,7,7,False
7633,5986,8,4,False
8880,6630,2,6,True
7154,3530,2,4,True
4302,5177,5,7,True
5416,8842,1,3,True
9411,8071,4,4,False
771,727,7,3,False
7662,295,4,4,False
2649,7346,0,6,True
9,6887,9,9,False
2190,5061,0,8,True
4590,1557,4,4,False
4031,1317,5,3,False
2653,822,5,7,True
4885,3784,3,1,False
1476,1527,5,1,False
3551,7933,4,0,False
2201,9879,4,0,False
8626,7408,4,4,False
149,5748,2,2,False
7039,2194,6,6,False
1122,3701,7,3,False
1435,1653,9,5,False
5253,6138,0,4,True
2228,6155,1,5,True
2384,1160,0,4,True
2750,7331,6,6,False
3434,2444,1,1,False
9942,7134,3,5,True
1444,1676,6,6,False
2062,9809,6,0,False
5637,6913,1,1,False
2262,3995,7,3,False
1347,4000,7,9,True
409,4828,1,5,True
8605,8470,6,2,False
6536,4960,4,8,True
3982,8223,0,8,True
1805,3891,7,9,True
9586,1126,7,7,False
6031,5300,6,8,True
6457,9450,8,8,False
5868,8827,9,9,False
7838,1229,0,8,True
9775,1151,6,6,False
4396,3584,4,0,False
1017,6633,6,0,False
8087,6683,3,1,False
6481,1317,3,3,False
4641,1400,0,6,True
1258,8263,5,3,False
2602,8913,2,0,False
6277,9472,5,9,True
5195,7283,4,4,False
975,4079,2,0,False
7229,1946,2,8,True
9878,9825,1,9,True
5178,2944,4,0,False
236,2289,2,8,True
2747,8247,0,4,True
8447,8362,5,3,False
2681,5977,3,9,True
4495,1974,0,6,True
5605,7152,2,6,True
8461,1020,3,3,False
9308,1228,3,9,True
7336,8254,9,3,False
883,8064,3,7,True
6140,2636,0,8,True
1659,9274,1,1,False
3796,8458,2,0,False
742,227,0,4,True
775,7851,2,6,True
6158,2420,7,9,True
601,9187,8,8,False
3625,5160,1,5,True
6937,5360,0,8,True
1240,9238,1,3,True
1910,8106,5,7,True
3021,3705,2,8,True
6691,1167,6,4,False
4533,4972,1,1,False
1380,8935,9,9,False
113,5919,9,9,False
4895,9369,8,2,False
3918,7479,5,3,False
9556,7962,1,9,True
9082,4091,2,0,False
121,6835,4,0,False
3871,8999,8,0,False
141,5370,7,1,False
6286,5151,0,4,True
3413,8804,0,6,True
7001,8178,2,4,True
2378,4699,0,6,True
741,3844,2,2,False
5985,7396,5,3,False
9667,1580,8,4,False
6580,1262,0,2,True
7237,2173,2,4,True
4896,4384,4,2,False
6320,5225,1,3,True
7299,4340,1,5,True
1259,3374,8,8,False
9728,1823,4,8,True
1762,2752,0,2,True
7515,5025,9,1,False
1933,8659,7,1,False
3338,7288,9,9,False
7474,4255,5,5,False
1511,2641,4,0,False
9734,645,7,5,False
5481,2464,6,4,False
4141,5946,8,4,False
8296,779,3,5,True
4182,2790,9,5,False
6750,7528,0,2,True
1572,7699,8,0,False
2333,2042,0,0,False
1036,3694,2,2,False
3310,6686,0,8,True
1343,9404,9,9,False
1190,332,5,1,False
3304,7379,6,8,True
1536,5545,6,2,False
723,7684,0,6,True
2809,9538,8,4,False
6361,8003,7,7,False
6388,7109,6,8,True
5923,3567,4,8,True
4608,4699,8,6,False
2399,530,7,9,True
4956,8291,8,6,False
8900,7725,9,1,False
1457,4698,0,6,True
2229,6745,3,3,False
8743,4159,4,8,True
6384,6001,2,8,True
8796,7821,9,3,False
9143,8113,1,1,False
6235,4321,9,9,False
458,5343,8,8,False
514,4718,6,0,False
7851,8798,6,0,False
9431,3760,3,9,True
1665,4137,4,8,True
4462,8866,0,8,True
3653,9574,4,8,True
5689,2789,1,1,False
3935,9861,6,4,False
5759,9554,1,9,True
5881,9439,8,0,False
9358,3173,0,6,True
8753,4940,3,3,False
8152,635,0,2,True
943,3867,6,0,False
362,8754,2,4,True
9,5318,9,1,False
2170,5701,6,8,True
5417,1001,2,0,False
2457,9759,4,8,True
1859,8752,8,0,False
1143,6005,7,1,False
9466,1631,9,9,False
4830,5172,5,7,True
2640,7273,8,4,False
5080,2798,9,5,False
3598,9511,1,3,True
6317,5139,8,0,False
2035,2851,5,7,True
9525,6532,4,0,False
3062,5335,8,4,False
9402,1726,8,0,False
2275,5313,7,7,False
3956,5803,4,8,True
2692,1426,9,3,False
7207,168,3,1,False
3380,4018,1,3,True
5857,4296,8,2,False
24,816,4,2,False
7061,6748,9,1,False
6900,8197,6,6,False
5633,8823,5,5,False
1637,7732,5,5,False
2726,7512,2,6,True
568,4952,6,6,False
5341,4385,6,2,False
1250,5720,6,4,False
6274,2701,2,4,True
9091,1552,6,4,False
9587,9898,9,1,False
479,6948,9,1,False
7220,2631,8,0,False
1686,5536,8,2,False
3195,6822,2,4,True
4525,4759,1,1,False
1585,839,2,8,True
9241,8882,1,9,True
2487,859,5,7,True
57,6884,1,5,True
4946,9981,4,6,True
3189,1563,7,7,False
3444,2860,4,6,True
1310,7636,3,1,False
5165,6626,0,4,True
7892,4255,9,5,False
9043,6464,2,8,True
6199,6358,8,8,False
2979,7189,9,7,False
4413,7327,6,2,False
4232,3649,1,1,False
9117,979,5,1,False
1604,1432,2,2,False
8742,6665,7,3,False
9199,1026,0,8,True
8439,6736,1,3,True
9255,3809,9,1,False
4774,1257,1,1,False
531,8109,3,9,True
2006,7473,6,4,False
2795,3530,6,4,False
2111,723,8,0,False
1244,7010,7,3,False
2458,9904,6,2,False
5122,1070,7,5,False
6473,9240,0,6,True
8920,5224,9,3,False
8401,7393,7,5,False
9778,8681,6,0,False
1803,6673,3,1,False
2462,9418,2,8,True
1762,9353,0,4,True
4805,8896,2,6,True
6620,4238,5,7,True
7831,9248,3,7,True
588,2760,5,9,True
6490,2314,7,7,False
617,6371,7,3,False
3842,782,9,3,False
4303,5985,1,5,True
5659,5084,0,4,True
4501,7934,3,1,False
3790,2218,0,4,True
7142,5144,5,9,True
6710,9762,9,3,False
3169,7354,4,0,False
6786,8057,0,0,False
897,8327,5,5,False
1112,5213,4,6,True
2193,8467,7,9,True
2905,3234,8,4,False
973,4161,6,2,False
7601,861,0,6,True
3175,4381,1,5,True
7484,8158,3,5,True
1993,473,1,1,False
6225,8125,2,8,True
2850,7647,5,7,True
5532,2622,7,7,False
1463,4574,3,1,False
6450,839,8,8,False
9512,3563,4,8,True
3732,3440,8,8,False
6598,8290,5,3,False
163,7887,4,0,False
2898,9997,4,4,False
3712,4217,6,4,False
4409,6825,1,7,True
5596,7403,3,5,True
3506,7527,5,1,False
8417,6389,7,3,False
138,8501,6,0,False
9071,9584,1,5,True
4770,1742,3,3,False
1019,5388,1,9,True
5211,4436,1,9,True
4773,3006,7,9,True
8592,4001,2,4,True
9980,6744,2,2,False
2263,383,9,7,False
4729,4174,1,9,True
6511,6233,3,1,False
9703,9510,2,2,False
5741,3695,4,0,False
5753,8188,9,7,False
2723,9019,3,7,True
4935,1620,0,2,True
2045,4162,3,3,False
5615,1485,2,2,False
5938,3706,6,0,False
6767,5315,3,9,True
4185,9460,1,3,True
7478,1884,5,1,False
849,9427,3,5,True
7860,3256,6,2,False
6362,8804,4,6,True
6655,853,9,7,False
2294,3341,0,4,True
6592,9200,9,1,False
2305,5067,3,3,False
1357,8107,4,4,False
2839,5017,5,9,True
88,7526,6,0,False
3378,2698,7,5,False
8137,1461,0,4,True
7212,7152,2,6,True
6908,7692,5,3,False
68,595,3,3,False
6240,258,2,2,False
8578,3045,5,3,False
77,4155,2,0,False
5761,5231,2,8,True
1708,6402,0,6,True
2682,1040,5,1,False
5004,4883,4,6,True
8411,9624,3,3,False
6982,2159,3,5,True
7908,5764,7,3,False
2761,6732,0,2,True
3796,3724,2,0,False
3520,391,6,8,True
2062,6128,6,6,False
6271,4281,4,0,False
9885,806,0,8,True
360,817,4,6,True
6947,7391,0,4,True
1988,8842,1,3,True
7645,2478,7,9,True
170,5049,4,8,True
1631,8411,9,3,False
9772,2228,1,1,False
1693,8267,5,9,True
4744,1914,8,8,False
8269,3318,4,2,False
4411,8691,8,0,False
5980,6831,0,2,True
2576,628,1,3,True
3345,7752,5,5,False
3788,39,5,1,False
1478,1854,6,6,False
2407,1452,7,9,True
1686,4282,8,0,False
7604,4965,2,2,False
7487,795,9,3,False
2933,664,6,8,True
5783,5002,1,9,True
1853,1525,9,5,False
177,2307,8,4,False
5495,5974,8,0,False
4300,1496,5,7,True
5504,2928,3,1,False
6689,6675,4,6,True
4338,6198,5,7,True
6790,2676,3,1,False
2199,989,6,6,False
1723,6935,0,8,True
9192,7061,3,9,True
6337,5990,2,0,False
2173,8037,4,8,True
1809,6624,7,3,False
727,1008,3,1,False
5028,185,3,9,True
5667,8621,2,0,False
7202,4149,0,2,True
5551,6184,7,3,False
9276,916,4,4,False
2630,8395,4,4,False
7998,2648,7,9,True
8174,5376,2,8,True
5530,4656,8,2,False
8423,3698,6,0,False
6494,3797,3,5,True
7653,7389,4,6,True
1417,8045,9,1,False
5062,1901,3,9,True
263,1655,7,9,True
6642,560,9,9,False
1518,5108,2,0,False
7597,5702,8,6,False
856,3595,5,5,False
5324,9049,7,1,False
5837,7298,9,9,False
1619,3684,0,4,True
5715,5936,6,4,False
8850,8431,1,9,True
1715,726,1,7,True
8189,2349,4,8,True
1729,4093,1,9,True
3159,2023,6,0,False
3470,7374,5,3,False
5660,1807,6,0,False
735,9509,1,1,False
7502,7615,8,8,False
8291,82,6,2,False
9193,7202,4,0,False
8213,2843,9,7,False
2142,1722,8,2,False
9685,9781,5,7,True
8142,6182,5,1,False
9828,4002,3,3,False
6401,5506,9,1,False
7300,2147,7,9,True
6881,8516,6,6,False
8853,5022,5,9,True
3347,3500,0,4,True
5544,2134,1,5,True
8368,9016,6,0,False
1846,5646,5,1,False
9413,9222,7,1,False
8632,4585,5,9,True
190,8444,1,5,True
445,6352,6,2,False
892,952,2,6,True
4468,2701,4,4,False
4032,2351,1,3,True
4956,3397,8,4,False
5993,7534,0,8,True
9343,3724,6,0,False
3842,8257,9,7,False
747,6135,3,1,False
6706,5002,5,9,True
242,4197,8,4,False
7371,3737,8,8,False
9503,8834,5,5,False
3245,4941,8,2,False
2845,1180,9,1,False
2905,8544,8,2,False
6298,693,6,8,True
4480,8988,9,1,False
2078,2583,5,3,False
80,5299,7,9,True
2510,638,1,5,True
5401,9933,6,2,False
5051,8153,0,2,True
1150,5091,3,1,False
3088,8646,6,2,False
8389,2664,0,2,True
8774,8678,5,7,True
1484,5608,1,5,True
3550,5548,6,8,True
5790,4693,9,7,False
8814,7904,6,6,False
1924,5788,4,6,True
3881,9899,9,7,False
670,5380,4,8,True
1814,6202,7,1,False
8723,4538,9,1,False
8587,6266,0,2,True
7852,689,7,7,False
3080,5135,3,9,True
1587,2800,6,8,True
1111,3516,4,8,True
7068,1725,6,6,False
8936,7244,2,8,True
2562,424,6,0,False
5318,598,1,9,True
1234,910,8,4,False
4207,9271,8,8,False
9563,3781,8,8,False
6564,6231,3,1,False
6508,6975,9,3,False
251,6254,1,1,False
8886,115,4,4,False
9745,765,4,4,False
5976,8351,8,0,False
4866,5053,4,2,False
4725,7287,2,8,True
6363,478,7,5,False
2526,8624,5,3,False
2264,6526,4,0,False
2316,4764,1,1,False
165,8946,5,3,False
2065,714,8,8,False
9521,9928,2,4,True
8680,8847,9,5,False
5109,3509,0,8,True
3416,6648,5,7,True
2701,3089,4,2,False
4223,3252,4,6,True
3047,9433,2,8,True
9122,7687,6,2,False
4882,1148,6,0,False
1594,3147,9,9,False
5310,5732,7,1,False
3903,1664,0,8,True
1105,3095,9,5,False
7839,7267,1,7,True
9945,4888,9,5,False
9403,9421,6,2,False
5067,6899,3,5,True
91,5251,6,0,False
3682,7261,2,0,False
5769,2166,5,1,False
7740,7467,3,7,True
5757,4885,9,3,False
8914,1752,1,5,True
1377,4710,6,2,False
8947,3282,4,4,False
1215,1194,3,7,True
8425,542,0,8,True
9530,3430,9,1,False
9161,4377,8,4,False
2399,5872,7,1,False
3601,9522,1,7,True
2159,7493,5,7,True
6614,6080,2,8,True
3972,2777,6,0,False
7425,2662,4,2,False
9414,9406,0,4,True
8041,5994,6,6,False
3635,8107,8,4,False
1056,4431,2,4,True
3783,677,9,3,False
8609,6033,8,6,False
7578,7326,5,3,False
670,5426,4,4,False
8664,4576,4,4,False
9342,8791,3,7,True
6293,6319,0,0,False
9491,1239,3,3,False
6048,3594,7,7,False
5657,5540,7,7,False
7784,9747,1,5,True
8338,2321,0,6,True
2655,3720,1,7,True
8554,4716,6,2,False
2489,3153,4,8,True
6051,1978,2,4,True
6915,5521,4,2,False
8015,7967,8,0,False
3399,9543,7,7,False
6844,399,2,4,True
731,2133,2,2,False
2225,8521,8,2,False
9514,2440,6,4,False
2782,4343,6,0,False
8584,6765,2,8,True
4757,1432,0,2,True
7481,7845,8,8,False
2734,3535,1,7,True
9692,2300,9,3,False
8492,4432,2,0,False
5733,7547,2,6,True
3817,6315,2,6,True
2128,1747,3,5,True
3368,8685,0,4,True
2413,9771,5,7,True
2988,7919,0,8,True
8829,8359,4,0,False
1556,8024,8,6,False
8960,22,4,6,True
8431,6772,9,9,False
683,8557,3,9,True
3713,7784,7,1,False
5624,9513,5,5,False
7086,2211,0,8,True
7686,3756,1,5,True
4753,9953,8,6,False
4147,3011,1,7,True
134,9615,8,4,False
8628,134,6,8,True
3299,5058,3,7,True
5811,1721,1,7,True
7099,9739,8,0,False
4199,8660,7,3,False
9121,5871,1,9,True
6392,3272,5,1,False
8920,9007,9,3,False
2868,5947,1,5,True
4084,4907,3,3,False
6407,2239,1,1,False
3817,7429,2,4,True
1669,3564,8,6,False
5429,8899,9,9,False
2691,6488,8,4,False
1524,2419,8,8,False
9682,7010,1,3,True
1077,4412,4,6,True
6195,1344,4,6,True
6417,6687,4,4,False
9643,918,1,1,False
8216,7310,8,6,False
3362,8611,6,0,False
3108,518,3,5,True
2835,609,4,2,False
3861,5,9,1,False
1445,4620,0,6,True
5661,6364,1,7,True
9467,3199,9,5,False
1162,1506,6,2,False
9028,9415,9,1,False
5576,4430,7,3,False
3256,7569,2,8,True
9288,68,7,3,False
2810,6556,5,1,False
9281,1222,0,4,True
5460,1874,1,5,True
8692,9288,1,7,True
7140,6060,3,1,False
3925,5454,1,3,True
7435,9479,3,3,False
8021,1951,0,6,True
1081,6151,9,3,False
3818,5288,0,8,True
5661,8350,1,7,True
4414,4141,4,8,True
1496,6416,7,9,True
1208,8959,3,7,True
7926,5260,8,4,False
3525,9270,7,7,False
2927,3038,3,7,True
3189,3791,7,9,True
4447,3440,0,8,True
3375,4166,2,0,False
2523,1721,7,7,False
1319,8193,8,4,False
8997,719,6,4,False
5964,5050,5,9,True
9283,4400,3,7,True
2928,8261,1,1,False
6401,3587,9,9,False
908,8739,4,6,True
7711,8733,7,7,False
8345,5812,2,0,False
2807,7375,3,7,True
8612,7667,2,6,True
120,175,5,7,True
6334,9672,6,4,False
5441,6037,6,4,False
2986,8863,5,5,False
3836,4310,7,5,False
9891,5510,9,5,False
2945,8049,3,5,True
3393,6743,5,1,False
5862,6445,5,1,False
7268,2884,7,3,False
9575,3800,8,6,False
4513,3921,8,2,False
6120,3125,5,7,True
2481,7873,2,0,False
2971,7031,2,0,False
2167,8358,7,9,True
7850,4795,5,9,True
9083,9175,3,3,False
6639,1649,6,4,False
1010,3581,4,0,False
7676,1548,5,1,False
5363,4178,7,1,False
5784,9054,9,9,False
5528,301,5,7,True
1940,5632,5,5,False
9597,9575,2,8,True
4783,5936,4,4,False
8248,7863,7,9,True
1247,6121,9,7,False
7478,2325,5,7,True
5650,7034,8,8,False
1129,1260,1,7,True
5748,3793,2,4,True
5073,4669,9,7,False
9770,6366,5,7,True
7176,5835,1,7,True
6665,2685,3,9,True
407,2097,0,6,True
4205,1344,2,6,True
2793,6616,8,2,False
1580,1074,4,8,True
8862,850,1,1,False
6616,8709,2,4,True
1725,4401,6,2,False
1410,6498,2,6,True
3711,3992,9,9,False
7144,2025,7,3,False
8757,2856,4,8,True
597,5963,0,6,True
7673,7535,5,9,True
8863,7176,5,1,False
8960,2977,4,2,False
9114,7005,5,1,False
5574,7771,5,3,False
1488,7358,4,6,True
5872,6640,1,7,True
2521,4856,7,9,True
1,8695,2,4,True
5755,4817,6,8,True
8651,120,7,5,False
7686,4786,1,9,True
7164,4916,8,4,False
136,9105,0,0,False
3007,6632,5,9,True
6356,4026,1,3,True
6497,6317,2,8,True
4411,1332,8,6,False
3869,8352,9,1,False
4568,8597,7,3,False
6652,3001,1,9,True
3065,2267,8,6,False
1776,7344,7,1,False
4349,7940,1,7,True
5376,346,8,0,False
839,8888,8,6,False
3135,1700,6,0,False
4309,2011,9,3,False
118,3761,9,1,False
2496,269,2,0,False
3491,5490,9,1,False
4988,8044,9,9,False
7477,488,7,9,True
1283,2346,7,5,False
4462,6547,0,4,True
9032,7823,2,8,True
3226,4173,0,2,True
189,1952,1,9,True
6425,7370,6,8,True
571,3324,4,8,True
1508,8421,9,7,False
7872,6488,8,4,False
5180,2556,7,5,False
9130,8649,6,8,True
4239,8012,6,8,True
3166,5786,7,1,False
3622,1893,6,8,True
7220,5433,8,8,False
2800,4622,8,6,False
6596,4055,6,2,False
717,9673,0,8,True
9622,2511,1,3,True
1442,4007,3,7,True
8310,1529,2,4,True
956,954,1,9,True
2493,8665,9,5,False
2107,8111,8,0,False
5303,9278,6,6,False
7069,3084,7,7,False
6305,5986,2,4,True
4188,664,0,8,True
7048,9027,1,3,True
8767,7905,7,3,False
9420,3142,8,2,False
5187,7559,5,5,False
9656,8959,3,7,True
1167,8826,4,8,True
7483,4961,2,2,False
8745,5893,1,1,False
9,8170,9,5,False
2965,276,1,1,False
3858,5143,1,3,True
8954,6464,4,8,True
8712,8264,2,4,True
4751,5401,4,6,True
5164,1776,9,7,False
8693,1138,2,2,False
2160,3012,6,8,True
3366,1790,4,2,False
3060,1598,9,5,False
9492,6478,4,0,False
8491,9534,1,7,True
780,5882,3,3,False
1198,244,8,2,False
8169,1344,6,6,False
964,5794,1,1,False
5922,930,5,7,True
8541,649,7,7,False
5096,1307,4,6,True
8626,1613,4,8,True
3833,8831,8,6,False
3022,3092,5,1,False
9475,3016,6,0,False
1704,9308,1,3,True
7398,6879,3,5,True
2791,3033,6,6,False
8151,5412,7,7,False
8869,9977,6,4,False
5649,5046,7,3,False
5973,6642,3,9,True
5185,9819,3,1,False
9359,9066,2,6,True
6268,9137,4,0,False
5781,7296,9,7,False
6386,2,5,1,False
4780,9915,0,4,True
8602,2233,2,8,True
93,4800,3,7,True
3568,5274,4,4,False
4620,9199,6,0,False
1569,633,6,2,False
5706,2524,5,1,False
4441,6132,6,2,False
3871,4289,8,2,False
1483,9219,1,3,True
9194,3494,5,7,True
5434,8027,8,8,False
8116,9585,6,0,False
9908,5037,6,2,False
9585,6359,0,8,True
940,5595,6,2,False
6991,6706,5,5,False
3770,210,4,4,False
855,4872,3,1,False
5349,8968,8,6,False
5464,8343,4,0,False
2543,860,8,6,False
7187,9604,5,3,False
3690,7190,6,0,False
6346,2379,7,1,False
5626,1388,2,6,True
9235,782,3,3,False
4219,1359,5,7,True
8100,6996,1,9,True
2226,8007,0,0,False
8111,6590,0,0,False
9330,8714,8,2,False
4042,1209,4,6,True
6928,5185,1,3,True
1888,6896,6,6,False
5867,5588,5,1,False
5378,5765,6,8,True
5115,2831,6,6,False
9944,7131,3,3,False
7337,760,0,4,True
3331,6251,6,4,False
1432,1886,2,6,True
4055,2455,2,0,False
204,5514,1,1,False
5117,7492,6,2,False
343,5323,3,1,False
8941,3530,4,4,False
9080,8693,0,2,True
8867,7798,3,3,False
325,6293,4,0,False
4275,2849,2,8,True
4775,3346,2,0,False
841,7496,7,9,True
1132,6478,2,0,False
5783,1738,1,3,True
4911,6450,4,8,True
6350,8452,6,4,False
5284,8061,4,4,False
3141,3322,6,0,False
9059,329,3,1,False
4132,8797,6,4,False
5346,7903,3,7,True
2539,272,7,1,False
5640,5704,7,9,True
3815,8089,1,5,True
987,4144,7,1,False
451,8971,3,1,False
3641,2448,1,9,True
6318,2229,9,3,False
6378,8647,4,6,True
6955,4003,8,6,False
7102,5239,4,4,False
7246,8753,9,3,False
3440,2311,8,2,False
2304,5175,0,4,True
7161,2417,0,0,False
5312,1154,4,0,False
3090,5319,0,4,True
516,5341,2,6,True
6623,4855,1,7,True
4374,2452,5,5,False
1782,2185,8,0,False
459,4466,0,6,True
9926,3862,8,2,False
458,6003,8,0,False
7929,2215,6,6,False
6008,2946,1,1,False
7931,7639,9,3,False
2744,3242,8,0,False
555,6812,4,4,False
4512,6889,6,8,True
3375,3403,2,6,True
2977,7314,2,6,True
5208,7382,1,9,True
7120,6755,2,8,True
6347,5249,8,0,False
9868,9245,7,9,True
8647,1827,6,8,True
7372,674,5,5,False
8616,8937,4,6,True
627,9009,9,7,False
8344,782,1,3,True
4890,7317,8,0,False
4869,4585,1,9,True
2671,6803,7,5,False
9891,859,9,7,False
7720,7520,8,4,False
8318,1898,2,0,False
9739,9080,0,0,False
6555,6894,8,0,False
7270,377,1,1,False
7549,9820,6,2,False
7566,1506,0,2,True
5194,2628,5,7,True
1526,1916,0,6,True
5831,1361,1,7,True
8268,9877,1,5,True
6323,9138,4,6,True
689,2736,7,7,False
9142,2420,9,9,False
2403,3016,0,0,False
6997,5159,4,4,False
7197,4635,7,3,False
1969,2185,6,0,False
66,4230,6,8,True
7637,8266,2,8,True
8781,83,9,7,False
3848,3485,7,9,True
7318,6606,9,7,False
1272,9701,5,9,True
4081,9095,6,0,False
9007,3338,3,9,True
3114,2462,4,2,False
5834,620,6,0,False
556,9617,4,6,True
5313,1405,7,5,False
1823,6949,8,2,False
2707,4779,0,6,True
7576,9630,6,8,True
560,1497,9,7,False
5177,5914,7,7,False
1082,6882,5,3,False
4914,7835,6,0,False
2050,4599,8,6,False
8509,6663,1,7,True
3492,981,8,0,False
9498,8793,0,2,True
8046,4822,8,8,False
9825,5070,9,9,False
8487,9290,5,5,False
2075,9909,3,7,True
8401,8032,7,3,False
2884,9836,3,1,False
4879,3245,8,8,False
1977,428,6,4,False
1887,3335,7,5,False
6665,716,3,1,False
5612,9054,9,9,False
208,3355,2,2,False
4094,1083,5,1,False
4799,8182,9,9,False
89,1828,1,3,True
5482,6375,7,1,False
2944,3250,0,2,True
5420,7725,5,1,False
557,2195,7,7,False
2516,7432,9,7,False
7462,6665,9,3,False
8657,5024,0,2,True
8974,8658,7,1,False
3479,9607,0,6,True
5668,1058,5,9,True
4709,542,2,8,True
6032,8638,9,7,False
9492,6495,4,8,True
9906,1959,4,0,False
5036,488,1,9,True
6664,1386,3,7,True
3842,5972,9,5,False
4843,3476,9,3,False
2810,1799,5,7,True
588,3236,5,7,True
7385,8406,0,4,True
8029,8311,0,6,True
3198,5693,8,6,False
8457,4968,9,9,False
2305,1594,3,9,True
3413,613,0,2,True
6227,8436,5,9,True
77,5209,2,8,True
9888,1450,6,6,False
7529,730,3,7,True
8646,5239,2,4,True
9609,5235,8,6,False
5379,3343,8,8,False
4814,4629,6,8,True
7108,1883,5,7,True
2409,2545,1,5,True
1834,220,1,7,True
3439,9016,0,0,False
8876,5100,3,9,True
2282,4548,5,5,False
2866,1202,6,8,True
9894,5432,7,5,False
808,2078,3,5,True
7835,860,0,6,True
6402,903,6,6,False
7102,6538,4,6,True
9921,9863,6,8,True
9944,5706,3,5,True
5327,3160,1,9,True
7751,9440,4,0,False
1551,7787,2,6,True
7586,5199,8,6,False
7588,3747,9,1,False
2393,4341,8,2,False
6306,2934,7,9,True
5207,7307,5,7,True
468,1041,7,5,False
1806,5637,7,1,False
7442,2736,1,7,True
5594,9750,1,3,True
8442,1712,4,0,False
1729,5222,1,5,True
5065,8851,8,0,False
6449,9539,7,9,True
3856,3929,9,5,False
8025,6404,2,8,True
5701,3474,8,2,False
7010,9166,3,7,True
8796,3815,9,1,False
1307,9542,6,0,False
1833,9561,5,3,False
5214,8972,3,3,False
7410,2960,0,8,True
6530,1104,5,7,True
9926,6327,8,8,False
7978,978,7,5,False
3617,2321,6,6,False
2437,2471,2,6,True
8586,4670,1,1,False
9931,9332,1,3,True
3119,3303,5,7,True
4793,9217,7,3,False
7000,5532,1,7,True
9696,149,2,2,False
2036,4703,7,3,False
6169,9122,4,6,True
13,9311,0,0,False
1765,4532,3,3,False
3912,7186,2,4,True
5094,6155,7,5,False
6135,7008,1,9,True
2900,7904,4,6,True
3172,9225,4,2,False
5784,6716,9,5,False
4842,2102,4,8,True
217,1210,6,2,False
2395,8096,8,6,False
2195,1354,7,3,False
6931,7593,4,0,False
2883,7324,9,5,False
8920,7256,9,9,False
5703,3643,3,7,True
7076,138,4,6,True
3826,8100,5,1,False
6619,8825,7,7,False
515,598,3,9,True
5914,1812,7,9,True
1281,2287,5,1,False
7496,8356,9,7,False
8695,1465,4,4,False
7866,1312,0,8,True
9891,836,9,1,False
8650,155,1,5,True
7320,8284,7,7,False
9274,5316,1,1,False
5658,4712,5,5,False
2688,551,1,7,True
9109,4184,5,9,True
7878,9619,8,8,False
9525,873,4,2,False
413,4596,7,5,False
1317,2029,3,5,True
4650,4208,0,0,False
4718,4611,0,0,False
209,1789,9,3,False
9849,2503,2,2,False
5941,2814,9,5,False
3815,7825,1,7,True
8765,566,0,6,True
1350,2334,1,7,True
8241,6885,8,2,False
3850,7091,9,1,False
3517,9611,4,0,False
857,4242,5,3,False
885,2801,6,6,False
6414,7674,5,3,False
7674,8603,3,3,False
6340,6509,2,6,True
4220,2335,3,1,False
176,4635,1,3,True
6142,5056,5,5,False
1616,8828,6,6,False
6956,9848,9,1,False
5370,4319,1,9,True
1595,4105,7,1,False
7439,3900,7,1,False
8634,5652,0,0,False
5253,9099,0,4,True
159,1155,4,2,False
6847,1621,6,0,False
7421,5879,4,2,False
4753,4207,8,8,False
582,424,8,0,False
959,9887,4,8,True
9971,2046,2,4,True
1440,2163,4,8,True
9153,2955,9,3,False
3091,4239,8,6,False
7531,1205,5,3,False
4428,6876,1,3,True
4142,2594,7,3,False
4639,1051,8,4,False
6239,5330,1,3,True
4343,4438,0,4,True
7338,1177,4,2,False
3203,9845,1,1,False
2863,7940,9,7,False
2394,8985,4,8,True
3515,9903,3,1,False
7349,4351,2,0,False
594,1229,6,8,True
9498,4187,0,2,True
276,8032,1,3,True
19,633,4,2,False
4273,2445,1,5,True
6290,9285,3,7,True
8567,8155,0,4,True
7024,6503,3,7,True
8969,3749,2,6,True
6418,8023,2,0,False
9426,8894,6,8,True
5344,4844,9,5,False
880,1467,7,5,False
8642,5460,9,1,False
7663,4870,8,2,False
2971,9210,2,6,True
6412,3209,2,6,True
6267,1727,7,3,False
7849,1358,3,1,False
3022,2263,5,9,True
3238,445,6,6,False
8131,6479,4,6,True
8985,5153,8,6,False
8633,7247,1,1,False
623,5681,6,6,False
5656,724,8,6,False
1894,3416,9,5,False
8670,2406,9,9,False
1219,622,8,4,False
8127,341,0,6,True
9982,726,5,7,True
2172,260,8,8,False
845,5147,0,0,False
7597,2859,8,8,False
1775,1916,0,6,True
9602,9932,1,9,True
1059,3374,4,8,True
5410,6472,5,1,False
1933,9299,7,9,True
5390,3547,2,2,False
9867,2900,2,4,True
1006,1933,7,7,False
2280,6680,3,1,False
6181,9195,0,6,True
7305,4063,6,6,False
2206,1663,4,8,True
2547,229,7,7,False
1290,92,3,9,True
3021,1482,2,6,True
6697,7672,7,5,False
3431,2386,4,4,False
8449,7262,1,1,False
3861,2803,9,1,False
9922,3030,4,6,True
9876,1417,1,9,True
5582,6739,9,3,False
9266,3915,2,4,True
1968,8810,8,2,False
6040,8966,0,2,True
7727,3473,0,8,True
841,3097,7,1,False
2471,7894,6,2,False
2829,2569,5,5,False
905,6086,2,4,True
3379,6998,1,9,True
5358,9955,3,1,False
682,1683,1,3,True
8929,2949,0,8,True
512,8067,2,0,False
1198,3912,8,2,False
9570,9365,1,3,True
6741,3167,7,3,False
3720,1772,7,7,False
3673,1592,1,7,True
6877,3339,0,2,True
3562,1166,1,3,True
9448,7813,7,9,True
7258,2412,6,2,False
7572,2998,2,4,True
6000,2216,9,9,False
3101,5754,7,9,True
3237,5382,1,3,True
552,9453,0,4,True
4710,2265,2,4,True
7749,7635,2,2,False
2743,5518,5,5,False
4956,2627,8,0,False
9617,9185,6,6,False
1441,6854,8,4,False
3480,9554,1,9,True
7464,4480,9,9,False
7127,4121,8,8,False
5474,7221,4,0,False
9849,2469,2,6,True
6966,744,6,2,False
7834,8377,4,6,True
7093,8824,2,6,True
7730,1591,3,3,False
7993,3885,3,9,True
9280,232,8,8,False
3504,2136,9,1,False
4732,3860,1,5,True
291,7982,2,4,True
2591,7407,7,3,False
7570,7723,2,0,False
6764,3116,6,2,False
7487,18,9,3,False
6425,5567,6,0,False
4978,7094,8,8,False
9882,8761,3,5,True
1362,5617,6,4,False
8556,6082,8,0,False
1862,6395,4,8,True
7504,9994,7,1,False
6109,6123,2,2,False
9284,1142,4,4,False
2307,5603,4,0,False
8965,1907,8,0,False
9372,3381,5,3,False
5369,5900,0,4,True
8134,6811,7,3,False
859,1011,7,1,False
5544,7296,1,7,True
8090,8506,1,9,True
7823,8836,8,4,False
7288,5908,9,9,False
3173,7623,6,8,True
1345,6519,2,2,False
4839,1293,8,6,False
2759,4620,6,6,False
2459,8245,2,2,False
3401,8647,0,6,True
4922,6943,8,6,False
7886,5801,2,6,True
7157,328,3,7,True
3011,1004,7,1,False
3864,8627,0,8,True
6632,9342,9,3,False
5227,7842,1,5,True
7390,4865,7,7,False
5133,2873,0,0,False
3656,7811,7,1,False
4621,753,3,3,False
5907,4779,2,6,True
2670,9986,5,3,False
8894,4791,8,4,False
2940,2557,2,0,False
3954,1959,8,0,False
5301,9551,0,4,True
7341,4376,4,8,True
2952,3295,3,5,True
5305,5750,0,0,False
6237,7461,6,6,False
8866,5057,8,6,False
441,6753,0,0,False
2339,7392,5,7,True
2524,62,1,9,True
4729,7640,1,9,True
9270,2359,7,1,False
5432,1801,5,9,True
639,2258,9,1,False
5159,440,4,0,False
9968,3556,7,5,False
5735,1492,5,9,True
869,9812,5,3,False
9708,8754,4,4,False
4650,3271,0,0,False
1400,8944,6,6,False
1397,8270,1,5,True
3103,7912,7,7,False
9733,9765,9,7,False
6029,6626,6,4,False
7121,6179,8,6,False
5992,180,7,1,False
5538,5635,3,3,False
7187,9063,5,3,False
3583,7391,8,4,False
7134,4633,5,9,True
7062,6906,0,2,True
9768,9949,2,6,True
2391,3465,2,4,True
7648,8485,7,3,False
1055,9540,7,1,False
1423,94,9,1,False
4366,6673,3,1,False
9232,7699,4,0,False
3325,3135,0,6,True
4646,8952,1,3,True
672,4833,1,3,True
7973,9030,1,1,False
3625,409,1,1,False
2571,4402,0,2,True
7620,1998,3,9,True
6716,2878,5,1,False
3952,433,5,5,False
4636,8197,2,6,True
9962,6038,0,6,True
9143,7024,1,3,True
7672,1911,5,5,False
8282,9291,7,1,False
4365,2729,0,2,True
2432,5355,2,4,True
2189,5735,9,5,False
891,4562,2,2,False
6747,5709,9,7,False
4866,4896,4,4,False
8544,3247,2,4,True
1571,9961,4,6,True
9040,5401,6,6,False
4811,4334,7,3,False
1543,8640,7,9,True
2313,191,9,1,False
8611,4724,0,8,True
7825,6638,7,5,False
2611,1653,5,5,False
2592,8359,0,0,False
3174,9281,4,0,False
6955,7671,8,0,False
1956,2183,4,4,False
7977,5825,2,4,True
5815,2250,3,9,True
9644,8449,7,1,False
2760,4871,9,1,False
1981,3695,6,0,False
2378,3768,0,0,False
2014,3385,9,9,False
1320,7078,8,6,False
1303,338,2,8,True
6946,675,9,1,False
1808,563,0,8,True
7803,1985,8,4,False
682,1058,1,9,True
151,1553,9,9,False
3417,9778,0,6,True
3112,5879,8,2,False
1517,2423,0,8,True
9365,5582,3,9,True
2578,8082,7,5,False
8385,9477,6,2,False
1650,9619,0,8,True
8792,3611,6,2,False
4731,2876,8,6,False
1642,3560,2,6,True
5885,9518,5,1,False
7321,1796,2,0,False
5931,6336,2,8,True
3455,8305,1,1,False
6796,1892,2,0,False
1988,7513,1,7,True
8628,2253,6,2,False
5798,4623,7,7,False
1381,5484,2,6,True
1848,6184,7,3,False
7373,9684,1,7,True
7157,3645,3,5,True
4659,6888,9,9,False
1181,7914,6,6,False
2875,190,9,1,False
1697,6379,9,3,False
8443,1359,1,7,True
2389,6584,8,2,False
9539,1641,9,5,False
1093,6078,8,6,False
5675,3341,8,4,False
1967,3761,5,1,False
8053,4469,9,3,False
6440,5711,3,5,True
9733,6508,9,9,False
8265,4474,7,7,False
7566,1813,0,8,True
4188,8133,0,6,True
3738,2171,3,1,False
1656,888,2,2,False
8278,466,0,8,True
6387,5467,6,6,False
5079,1593,0,6,True
8634,8183,0,8,True
3231,4693,1,7,True
7911,8154,1,3,True
8761,5518,5,5,False
545,7163,0,2,True
6402,7494,6,4,False
6048,7136,7,9,True
562,505,9,3,False
9246,5084,2,4,True
8172,7168,0,0,False
5239,6488,4,4,False
1761,9192,5,3,False
8949,8711,9,5,False
7665,9083,1,3,True
8414,937,0,6,True
4232,7983,1,3,True
9956,5655,1,7,True
5137,978,9,5,False
9824,762,8,4,False
6123,5830,2,0,False
5713,6348,4,8,True
7127,5772,8,2,False
6636,5633,3,5,True
4071,4135,4,2,False
5231,9862,8,6,False
1111,5115,4,6,True
5653,2838,0,2,True
8944,5452,6,0,False
7683,7042,2,6,True
4277,313,3,3,False
9495,336,7,9,True
6069,9218,7,9,True
5170,9254,5,9,True
8117,1664,0,8,True
5621,8253,8,2,False
2674,9918,1,9,True
5837,7023,9,1,False
8256,1267,6,8,True
4825,4445,8,2,False
4987,9532,4,6,True
3645,1484,5,1,False
9850,5643,0,2,True
1073,9157,5,3,False
6879,3381,5,3,False
1217,4830,9,5,False
6973,8718,3,7,True
3196,6671,1,9,True
4047,8327,9,5,False
8847,2893,5,3,False
8579,3142,6,2,False
3433,7538,1,7,True
8606,9912,7,1,False
9153,955,9,5,False
6088,7704,6,4,False
4003,2492,6,0,False
7010,6608,3,9,True
1027,3268,1,1,False
4283,4600,9,3,False
4290,9999,8,6,False
6770,3963,0,2,True
2486,3223,6,2,False
4098,5200,2,4,True
7829,9044,3,7,True
6794,579,3,7,True
2664,4565,2,6,True
512,4345,2,2,False
8900,2823,9,7,False
8081,362,4,2,False
1407,5260,2,4,True
1012,6551,7,3,False
1460,6385,5,5,False
3931,1877,6,8,True
8671,9664,0,2,True
8005,1460,1,5,True
9976,2053,6,4,False
5279,9434,9,1,False
3812,6811,3,3,False
2397,1786,2,4,True
3560,4601,6,8,True
6572,4093,1,9,True
8152,8865,0,0,False
1809,5070,7,9,True
7650,3975,7,3,False
2332,5831,7,1,False
5903,4928,7,3,False
594,916,6,4,False
4229,9183,4,4,False
4945,5824,9,3,False
8886,3934,4,8,True
6236,112,5,3,False
4107,4809,7,5,False
3913,4992,2,0,False
2679,7309,2,8,True
6539,522,7,7,False
1282,7934,9,1,False
6652,5330,1,3,True
1624,2576,7,1,False
8175,1062,7,3,False
6775,9715,5,1,False
7307,414,7,9,True
3087,7379,0,8,True
56,6687,4,4,False
5123,5259,4,0,False
1858,2643,6,6,False
8582,2165,4,4,False
5113,7280,1,1,False
2151,4190,3,1,False
9867,5476,2,4,True
3166,1350,7,1,False
5902,2919,1,5,True
6063,9218,1,9,True
372,405,0,4,True
1475,7704,6,4,False
4392,2824,0,0,False
6693,7143,6,8,True
2408,1430,3,1,False
2725,9166,1,7,True
258,8743,2,4,True
7315,7974,5,5,False
3725,3383,6,6,False
4456,4831,2,6,True
6142,2080,5,3,False
3321,9676,5,9,True
4750,3186,8,8,False
2890,6573,7,5,False
503,4876,2,2,False
3808,9970,7,5,False
4004,5939,3,7,True
1368,151,1,9,True
2143,5182,7,9,True
3421,6164,1,7,True
9641,4119,1,7,True
1578,9251,6,6,False
878,5564,8,4,False
7836,5927,4,4,False
101,4243,0,6,True
4841,6356,3,1,False
2128,9035,3,5,True
9665,3021,6,2,False
2722,8136,1,9,True
5446,7554,3,3,False
1491,5308,6,2,False
2284,4184,3,9,True
5253,743,0,6,True
8295,4718,2,0,False
6928,4539,1,7,True
9890,4235,9,9,False
7019,2644,1,5,True
7928,2443,1,9,True
842,3010,7,3,False
916,3818,4,0,False
607,7824,6,6,False
2622,7533,7,7,False
1856,7988,3,5,True
7348,5958,2,6,True
7384,7956,9,3,False
2459,2074,2,4,True
1503,3272,3,1,False
2893,2695,3,7,True
9101,9463,7,7,False
9710,77,6,2,False
6941,1292,4,6,True
8278,1569,0,6,True
393,4561,1,7,True
6579,6248,4,8,True
5417,2562,2,6,True
1364,7669,8,4,False
7320,4310,7,5,False
5507,741,2,2,False
5208,9196,1,7,True
3521,823,8,2,False
5181,883,3,3,False
9092,6358,8,8,False
6647,4269,4,4,False
3996,6647,4,4,False
371,3474,2,2,False
6477,6711,8,0,False
2497,1928,9,3,False
7920,6963,1,7,True
9737,2104,1,7,True
1545,5897,9,9,False
8137,7413,0,4,True
7675,4302,3,5,True
1460,6805,5,7,True
9901,2974,9,1,False
6866,1496,5,7,True
8530,5718,8,0,False
3619,2513,5,7,True
8512,8475,7,7,False
4882,7785,6,2,False
1260,7697,7,9,True
2399,2040,7,5,False
4006,8449,1,1,False
4728,9186,5,7,True
9149,1286,6,8,True
8530,1802,8,2,False
6653,1519,7,3,False
9184,4077,5,1,False
4099,9460,7,3,False
8361,295,2,4,True
7709,3023,6,8,True
6554,763,2,0,False
6937,4997,0,2,True
9483,7334,9,7,False
4256,5482,3,7,True
3519,3118,8,6,False
4361,1775,0,0,False
8640,264,9,9,False
6585,1957,4,2,False
2873,7937,0,4,True
6518,9711,5,7,True
4844,9984,5,1,False
6361,4843,7,9,True
2097,2233,6,8,True
3207,1877,2,8,True
3172,466,4,8,True
8011,2417,4,0,False
7255,8947,0,4,True
1437,5047,4,4,False
2380,7640,9,9,False
332,1867,1,1,False
2531,7410,0,0,False
7602,289,5,5,False
9451,3918,7,5,False
4952,9461,6,6,False
810,5350,7,1,False
1708,7188,0,6,True
7997,9342,5,3,False
579,7863,7,9,True
7842,8293,5,3,False
3750,964,5,1,False
7037,9589,0,6,True
8939,1012,3,7,True
6716,7632,5,7,True
8222,5801,4,6,True
7025,317,9,5,False
4832,3226,6,0,False
5523,7061,9,9,False
8438,3657,2,6,True
9715,7559,1,5,True
4926,6513,6,2,False
5784,7616,9,9,False
3446,4741,0,0,False
8033,2150,4,6,True
3330,2619,2,0,False
1630,6692,1,9,True
4858,3789,1,1,False
9247,796,6,2,False
5994,4380,6,8,True
2556,2807,5,3,False
1068,5656,8,8,False
1829,9969,1,1,False
2022,9344,4,4,False
8092,4339,4,2,False
5703,745,3,1,False
2442,8328,7,3,False
860,7289,6,0,False
1783,1709,7,9,True
9351,715,2,2,False
2794,1974,0,6,True
6037,2631,4,0,False
7118,8170,9,5,False
1606,2501,7,3,False
5363,2235,7,1,False
3364,7313,8,8,False
93,3962,3,3,False
5482,4596,7,5,False
1422,4455,4,8,True
6679,5789,7,7,False
2509,8800,4,2,False
3687,2238,9,7,False
6658,6593,9,3,False
8344,5805,1,9,True
7367,2423,0,8,True
8594,1181,2,6,True
5667,5272,2,2,False
2633,6986,9,7,False
6557,623,0,6,True
9551,974,4,2,False
6745,6472,3,1,False
5020,5528,5,5,False
4698,8771,6,6,False
6742,7425,4,4,False
9047,7363,4,0,False
6508,3146,9,3,False
1347,578,7,3,False
6263,2020,7,3,False
3449,1495,3,3,False
8422,5472,9,3,False
420,486,4,8,True
3896,4861,3,7,True
8160,1776,5,7,True
6238,4367,8,2,False
1993,758,1,9,True
7469,4999,2,0,False
7545,5677,8,4,False
9681,9403,8,6,False
5853,5023,6,4,False
9257,2263,7,9,True
8401,3994,7,5,False
5481,8582,6,4,False
6033,7558,6,0,False
2436,7093,4,2,False
1310,1489,3,3,False
7078,2165,6,4,False
3460,7195,9,5,False
6175,8752,4,0,False
9499,9027,1,3,True
4235,9434,9,1,False
6819,7091,1,1,False
6712,2607,1,7,True
8400,2122,4,2,False
7384,2071,9,1,False
3541,7576,4,6,True
502,2534,5,3,False
1901,9707,9,3,False
1773,1934,1,1,False
9241,4647,1,3,True
8685,2550,4,8,True
6207,5115,6,6,False
4854,4701,3,9,True
422,2301,9,7,False
9811,7034,2,8,True
5117,4757,6,0,False
3071,8125,2,8,True
2055,9098,2,4,True
1081,702,9,7,False
7760,9260,7,5,False
9144,7294,9,5,False
6061,7654,3,7,True
2309,8384,8,8,False
7254,7243,9,9,False
5440,1485,4,2,False
6223,3761,7,1,False
5445,8736,5,7,True
7371,4640,8,8,False
2771,440,4,0,False
9065,1993,5,1,False
3229,9004,2,0,False
9477,8669,2,8,True
7919,8347,8,4,False
2006,8832,6,4,False
339,4608,6,8,True
4092,9635,8,2,False
1354,8624,3,3,False
6468,9511,1,3,True
8172,418,0,2,True
7040,2892,3,9,True
358,8526,7,1,False
6142,4134,5,9,True
1924,1652,4,4,False
4792,2395,8,8,False
4278,1491,0,6,True
5139,6792,0,6,True
993,5440,0,4,True
472,986,6,6,False
6263,1598,7,5,False
2292,6650,9,9,False
4148,6042,7,5,False
876,3371,8,0,False
9934,9752,8,2,False
8196,8454,6,6,False
1840,4310,3,5,True
5337,7737,0,0,False
1042,7811,3,1,False
6796,3883,2,0,False
4499,9205,6,8,True
4115,9213,2,8,True
5108,9449,0,8,True
7193,1340,3,5,True
2378,6245,0,8,True
4091,8932,0,8,True
8972,7284,3,5,True
21,7735,6,8,True
2686,8,5,5,False
8024,4573,6,2,False
6108,5635,1,3,True
9736,8482,6,2,False
716,2588,1,7,True
5041,1491,8,6,False
1975,2261,7,1,False
6957,3400,3,7,True
5503,4200,9,7,False
4360,3969,5,7,True
5486,3394,1,9,True
9670,5262,3,9,True
2210,38,6,2,False
62,141,9,7,False
6890,9232,4,4,False
6316,8696,7,5,False
1301,8947,4,4,False
7409,2067,6,0,False
6050,9701,7,9,True
6215,2843,5,7,True
2094,7706,4,0,False
3084,7171,7,1,False
3682,361,2,6,True
5745,3059,7,7,False
5085,3677,6,0,False
8208,6066,2,4,True
4713,8195,2,0,False
134,3278,8,4,False
1783,4444,7,9,True
2731,8916,3,3,False
9405,9392,0,6,True
1108,9789,6,4,False
1099,2126,6,2,False
9212,3679,7,1,False
3070,348,1,1,False
9049,7319,1,1,False
7113,876,6,8,True
6965,6548,5,5,False
1949,8375,7,7,False
7996,5802,5,5,False
3726,794,4,0,False
6758,8601,1,5,True
5064,75,7,7,False
3107,5363,7,7,False
9506,445,8,6,False
7060,1253,8,4,False
3289,2754,8,6,False
4973,1003,3,5,True
486,7984,8,4,False
357,9567,1,7,True
4031,3985,5,9,True
7882,3961,0,6,True
857,5346,5,3,False
1229,9977,8,4,False
1539,7204,3,7,True
1427,1023,4,4,False
6300,5253,4,0,False
2127,1044,0,6,True
865,4821,3,7,True
1046,1643,5,1,False
9303,879,2,8,True
6126,6465,9,3,False
6846,3873,6,8,True
7547,6406,6,6,False
6895,9996,9,3,False
5686,457,0,6,True
8362,5258,3,1,False
1811,1708,2,0,False
9906,1151,4,6,True
9528,2110,0,2,True
5704,6778,9,9,False
7173,2969,1,5,True
2296,743,2,6,True
2130,5226,4,8,True
8289,5742,1,5,True
9428,8740,5,1,False
2451,7815,8,2,False
9734,5508,7,3,False
5917,114,1,7,True
969,3946,4,2,False
7037,5750,0,0,False
3342,3355,6,2,False
5716,3186,2,8,True
7538,9674,7,1,False
9338,9153,5,9,True
9943,4786,3,9,True
5269,2599,9,1,False
7558,718,0,8,True
3535,53,7,5,False
3823,7764,2,4,True
3979,8000,6,4,False
6045,3296,3,7,True
2950,96,1,1,False
144,1169,7,5,False
460,8964,5,5,False
2378,4880,0,0,False
3103,9463,7,7,False
689,454,7,9,True
3305,4776,0,0,False
3640,4395,0,6,True
5690,9210,6,6,False
3004,3274,2,2,False
2959,4392,2,0,False
374,2289,8,8,False
1784,5429,7,9,True
5117,7597,6,8,True
6179,6220,6,4,False
8759,7213,8,6,False
1980,2402,4,4,False
3188,3219,4,0,False
6011,5092,3,1,False
3950,733,9,9,False
8895,4941,0,2,True
5478,4126,8,8,False
4704,2116,6,6,False
3376,1302,7,1,False
9919,1037,7,1,False
8454,6473,6,0,False
8048,8387,1,7,True
2871,5160,3,5,True
8487,7801,5,7,True
7639,4301,3,9,True
9430,575,3,9,True
3655,3377,2,4,True
3787,6374,3,1,False
5126,7080,4,8,True
9234,2540,5,5,False
4095,8899,9,9,False
2218,1408,4,0,False
7171,8387,1,7,True
3721,9430,7,3,False
7745,8516,8,6,False
6868,7274,1,5,True
6965,6586,5,7,True
8028,5077,9,7,False
6148,370,5,7,True
7354,3886,0,6,True
1206,5762,7,1,False
4946,8336,4,6,True
4627,3782,6,8,True
1981,1203,6,0,False
605,8823,7,5,False
5586,3284,8,8,False
4027,4843,7,9,True
3045,9746,3,7,True
9032,4385,2,2,False
5027,4731,4,8,True
6503,6527,7,1,False
7855,8521,0,2,True
6626,3781,4,8,True
3508,7894,2,2,False
8574,9764,8,4,False
7445,5471,7,7,False
5250,3164,2,6,True
6724,3379,7,1,False
7256,9022,9,3,False
6264,2321,0,6,True
5123,177,4,8,True
5688,5456,7,9,True
6990,7093,4,2,False
8688,4786,7,9,True
9481,349,5,3,False
2326,2562,0,6,True
9180,9729,1,5,True
6125,3281,1,1,False
1013,8641,9,7,False
3005,7649,9,5,False
5497,9462,6,8,True
4871,1498,1,7,True
1735,9187,4,8,True
552,8121,0,4,True
3144,3323,6,8,True
6439,4772,2,4,True
3873,4889,8,2,False
7566,971,0,4,True
8379,162,3,5,True
5463,6843,0,0,False
2539,1781,7,9,True
8913,6974,0,4,True
1095,6244,3,5,True
2163,3424,8,6,False
6961,7649,1,5,True
9564,5199,8,6,False
8345,7646,2,0,False
3227,105,1,9,True
7417,1077,8,4,False
9760,3983,1,1,False
9198,7920,9,1,False
7464,9300,9,7,False
1524,4831,8,6,False
5570,4759,5,1,False
9890,2812,9,9,False
4013,2881,1,3,True
7388,6182,5,1,False
9453,1580,4,4,False
686,3872,3,9,True
4582,8936,2,2,False
1067,3491,3,9,True
6624,8931,3,7,True
6156,1286,2,8,True
8380,5450,6,0,False
7272,2642,3,7,True
3335,8171,5,3,False
7702,465,0,8,True
7694,6355,8,6,False
6421,3103,3,7,True
595,154,3,1,False
1836,2220,1,7,True
7487,7822,9,1,False
1088,1318,9,1,False
7287,2338,8,4,False
4480,2587,9,3,False
318,1676,2,6,True
4941,2085,2,2,False
2696,1236,9,1,False
4573,2557,2,0,False
5747,2854,3,9,True
589,8844,4,2,False
7361,805,4,8,True
6516,5163,4,8,True
832,9652,7,7,False
823,6300,2,4,True
4166,6264,0,0,False
3339,1529,2,4,True
7033,486,4,8,True
5647,3226,8,0,False
3671,1602,6,6,False
2794,742,0,0,False
8282,1737,7,5,False
5174,9081,5,1,False
3445,9001,0,6,True
6888,1933,9,7,False
3557,1767,6,4,False
5185,2788,3,1,False
6707,5296,6,6,False
6489,3542,0,4,True
3552,1054,5,1,False
5919,689,9,7,False
3633,6846,8,6,False
9657,8064,1,7,True
8908,9457,2,0,False
4207,1573,8,8,False
6239,2137,1,1,False
2814,5092,5,1,False
1081,5371,9,7,False
9735,7472,4,2,False
8259,3756,9,5,False
3867,379,0,4,True
5173,3934,8,8,False
3928,1272,5,5,False
2295,6262,0,8,True
4746,3231,7,1,False
6280,3402,0,6,True
3958,9951,2,0,False
5269,2164,9,1,False
5083,634,5,9,True
4630,354,3,1,False
5539,5733,6,2,False
3428,8961,6,4,False
4145,3696,8,2,False
8426,5156,9,1,False
7364,116,2,4,True
8174,1185,2,8,True
878,2368,8,4,False
2102,1534,8,0,False
9862,9122,6,6,False
3933,8434,2,4,True
7100,7772,2,2,False
2629,3148,3,1,False
7064,2963,2,4,True
5085,4792,6,8,True
3220,4340,5,5,False
1281,5773,5,7,True
6069,2690,7,3,False
7117,6807,3,9,True
2522,7783,3,1,False
6358,7116,8,6,False
5035,9906,0,4,True
9185,2947,6,6,False
6112,7477,9,7,False
7312,4548,3,5,True
9083,9777,3,5,True
1135,5336,5,3,False
7810,3271,0,0,False
3188,81,4,6,True
8318,6258,2,6,True
6511,6690,3,3,False
5997,6171,5,7,True
4924,9501,1,3,True
6814,655,6,8,True
6425,9403,6,6,False
3252,7265,6,8,True
5594,8231,1,1,False
5910,923,5,3,False
6829,3981,1,9,True
7947,589,4,4,False
427,2377,1,7,True
9770,7347,5,9,True
4252,4132,6,6,False
232,1958,8,4,False
6417,6629,4,8,True
8614,3179,0,0,False
2663,6875,3,3,False
4836,8082,3,5,True
9467,4925,9,3,False
1429,1760,9,1,False
2300,4307,3,5,True
6633,5159,0,4,True
2818,8176,4,4,False
1609,1184,2,2,False
8479,6710,9,9,False
6942,2734,5,1,False
6264,3140,0,0,False
3307,8094,6,2,False
8347,1852,4,6,True
9165,3426,9,9,False
3348,995,8,2,False
3222,4361,6,0,False
7104,1755,3,5,True
1341,4922,2,8,True
6305,2093,2,8,True
1025,5492,1,3,True
9745,3905,4,8,True
7827,1629,9,5,False
1029,4455,8,8,False
9694,714,8,8,False
3519,8677,8,6,False
6279,8635,2,8,True
7839,7630,1,5,True
9750,6914,3,9,True
5957,5510,5,5,False
3869,5798,9,7,False
6081,9852,9,7,False
5950,5521,8,2,False
56,7609,4,2,False
2247,388,5,1,False
8816,4694,8,6,False
6153,7524,8,8,False
8321,6655,7,9,True
56,5395,4,4,False
6018,770,8,4,False
7167,3776,1,5,True
6440,9883,3,5,True
5826,7125,6,4,False
1624,6184,7,3,False
9796,3111,1,7,True
8635,9506,8,8,False
2133,8276,2,4,True
5053,9118,2,2,False
2693,7197,1,7,True
8023,8989,0,4,True
4060,3523,4,4,False
1487,1759,0,8,True
449,2575,3,3,False
6164,4501,7,3,False
4332,7923,4,8,True
2251,8880,4,2,False
1463,5331,3,1,False
9577,9989,2,6,True
5741,6296,4,8,True
9079,7036,9,5,False
3708,4353,8,0,False
4887,1457,0,0,False
1482,5694,6,6,False
1947,9525,2,4,True
2035,5017,5,9,True
9315,23,5,5,False
984,9530,1,9,True
6473,7058,0,6,True
5862,2024,5,7,True
1778,6590,4,0,False
8943,7678,2,2,False
2324,4749,1,5,True
8309,7587,4,2,False
4756,2428,8,6,False
9962,5366,0,2,True
8113,1986,1,1,False
9274,7711,1,7,True
8225,4893,2,4,True
938,5336,3,3,False
3514,3731,2,2,False
3017,8105,4,8,True
4781,2564,7,7,False
9103,6546,4,0,False
6803,7634,5,9,True
6291,6285,5,3,False
8772,4750,0,8,True
3111,8855,7,5,False
1576,2095,7,7,False
9376,855,9,3,False
7382,2623,9,3,False
7358,8027,6,8,True
2325,3381,7,3,False
3270,166,6,4,False
9294,1645,7,9,True
6288,7113,0,6,True
945,1587,2,6,True
7639,2881,3,3,False
1965,8567,2,0,False
9581,6984,3,9,True
6742,4090,4,0,False
1984,4017,2,4,True
7881,4843,1,9,True
6274,1491,2,6,True
6146,4408,5,9,True
5896,173,1,3,True
1957,1388,2,6,True
8131,8472,4,4,False
405,9763,4,0,False
4374,1519,5,3,False
6406,8055,6,0,False
4769,9235,9,3,False
1654,5440,2,4,True
8932,3114,8,4,False
292,6333,9,5,False
1020,8387,3,7,True
3450,1965,0,2,True
9964,3030,0,6,True
9213,7441,8,6,False
1975,626,7,7,False
9564,3435,8,2,False
1458,9351,6,2,False
540,1354,5,3,False
8408,5008,8,0,False
8791,2749,7,7,False
0,4004,7,3,False
733,8397,9,3,False
8636,7176,1,1,False
9601,8152,0,0,False
8443,5645,1,9,True
1650,757,0,4,True
620,3170,0,0,False
5031,3577,0,2,True
9173,3596,8,4,False
4444,2054,9,9,False
1179,8885,1,7,True
4190,6139,1,3,True
6672,7596,0,6,True
4251,7085,8,4,False
8902,3395,2,6,True
4504,3233,2,4,True
9109,8265,5,7,True
6999,2557,4,0,False
6982,6089,3,7,True
4133,1301,2,4,True
2003,8590,5,9,True
9110,6781,8,0,False
5507,1475,2,6,True
5346,4364,3,5,True
3748,4579,6,6,False
1625,6297,4,8,True
6321,1751,2,4,True
2947,8754,6,4,False
9509,7899,1,1,False
8793,5832,2,4,True
8911,4330,7,5,False
806,2859,8,8,False
6255,2902,3,1,False
8593,8914,9,1,False
7680,9562,9,9,False
4353,172,0,2,True
2116,2382,6,8,True
9171,4292,1,1,False
6185,4157,4,0,False
7388,2929,5,9,True
5672,7562,9,9,False
4422,6887,5,9,True
5118,1446,8,2,False
6542,5002,3,9,True
1336,1288,2,0,False
1561,2763,4,0,False
1412,4803,2,4,True
154,6829,1,1,False
7979,8273,8,0,False
6765,256,8,2,False
136,7080,0,8,True
3943,8533,3,3,False
7466,2819,6,4,False
2935,1264,8,4,False
2147,8299,9,5,False
810,6807,7,9,True
6091,2731,9,3,False
1812,5420,9,5,False
8958,1972,8,0,False
4781,7799,7,9,True
4249,3434,1,1,False
9454,6562,6,2,False
5115,8569,6,2,False
7712,8116,6,6,False
5946,115,4,4,False
5268,4769,9,9,False
1730,75,3,7,True
2973,6472,9,1,False
127,1637,5,5,False
7940,3148,7,1,False
8794,8550,2,2,False
6842,2081,6,0,False
97,2519,7,1,False
3648,7590,1,3,True
6012,4782,1,3,True
6899,2922,5,5,False
1750,7067,7,5,False
2591,2262,7,7,False
6986,83,7,7,False
3162,1780,7,1,False
4788,688,0,6,True
6582,7017,4,6,True
487,2576,9,1,False
7975,4451,6,2,False
7017,8129,6,2,False
2035,5208,5,1,False
8101,6243,9,7,False
1841,1808,0,0,False
2111,2609,8,6,False
8072,203,5,1,False
878,5723,8,2,False
9640,113,7,9,True
7744,4646,7,1,False
7839,1318,1,1,False
3995,9969,3,1,False
8499,3151,6,2,False
4721,1930,4,2,False
3992,6909,9,5,False
7886,1713,2,0,False
3178,9835,0,4,True
3811,2007,2,4,True
6696,644,4,0,False
3075,2347,9,3,False
262,9946,7,1,False
1518,867,2,2,False
6560,8479,9,9,False
3743,3582,7,1,False
6868,7728,1,1,False
8474,7113,6,6,False
5103,1849,8,4,False
5841,4505,3,9,True
6728,3984,5,9,True
755,2915,1,7,True
10,879,0,8,True
3419,4578,1,7,True
4500,9786,9,5,False
7169,3114,4,4,False
7928,5841,1,3,True
4868,1789,7,3,False
249,9167,2,0,False
5539,6021,6,4,False
9511,8540,3,1,False
3852,4423,1,7,True
9722,6410,8,8,False
1775,2170,0,6,True
704,9759,0,8,True
3235,7417,4,8,True
1262,9082,2,2,False
4821,7643,7,5,False
8865,2561,0,8,True
2133,3219,2,0,False
8897,4064,9,7,False
5874,7236,5,9,True
7261,1153,0,6,True
6741,8459,7,1,False
2793,9966,8,6,False
2068,4647,9,3,False
9412,1024,4,4,False
6626,8225,4,2,False
2766,7289,6,0,False
9087,6269,7,7,False
9797,4335,3,3,False
3089,67,2,4,True
9506,3622,8,6,False
8522,7576,8,6,False
4855,3553,7,9,True
4302,8922,5,1,False
2862,3714,8,6,False
8865,3959,0,0,False
626,2380,7,9,True
2139,4321,3,9,True
4156,3509,2,8,True
25,5817,0,4,True
5205,1328,7,7,False
2153,6572,3,1,False
5206,917,5,7,True
5942,3650,0,0,False
2837,4111,7,9,True
8929,9706,0,2,True
6372,4327,8,0,False
7363,3672,0,4,True
4304,3276,1,1,False
2521,7195,7,5,False
7216,6154,0,8,True
7971,1561,8,4,False
2913,7411,5,1,False
2959,3180,2,2,False
2890,4530,7,7,False
5195,2729,4,2,False
6579,3164,4,6,True
2390,1219,2,8,True
3962,7334,3,7,True
1622,8507,9,5,False
221,1658,2,2,False
6170,315,7,9,True
249,740,2,4,True
4145,1400,8,6,False
2293,9671,9,5,False
170,1775,4,0,False
1359,3240,7,9,True
7992,9354,2,8,True
2612,4918,1,9,True
7722,2504,1,1,False
939,9037,2,0,False
8782,1976,9,3,False
750,1711,0,2,True
1655,8267,9,9,False
2284,16,3,9,True
428,3768,4,0,False
6194,2365,3,7,True
4596,3645,5,5,False
1801,7936,9,3,False
1850,3726,8,4,False
4731,5969,8,4,False
5584,1978,0,4,True
1355,683,7,3,False
2998,7137,4,4,False
9671,2912,5,1,False
2421,4823,1,9,True
5588,1673,1,1,False
8058,5922,1,5,True
1214,31,1,1,False
2436,5367,4,2,False
6516,7433,4,8,True
1073,1812,5,9,True
4469,2324,3,1,False
5409,2127,4,0,False
6427,5899,4,0,False
7974,6827,5,9,True
6665,9709,3,5,True
2240,3969,7,7,False
6736,8876,3,3,False
8703,8631,3,7,True
8603,8663,3,9,True
6423,1400,2,6,True
8508,9331,3,5,True
1451,3911,2,0,False
40,3262,1,7,True
6052,9278,2,6,True
2153,1772,3,7,True
5838,6027,0,2,True
4950,7670,2,6,True
9158,7017,0,6,True
3516,3726,8,4,False
2297,1963,8,4,False
6301,461,6,6,False
5972,855,5,3,False
9681,1246,8,0,False
9586,2551,7,3,False
2440,6104,4,6,True
1330,4090,4,0,False
233,9457,8,0,False
2414,2924,9,3,False
2266,8518,1,3,True
7582,6628,1,1,False
7160,196,5,1,False
1787,2523,9,7,False
553,2901,8,4,False
198,6607,4,2,False
7323,8955,1,9,True
9248,8101,7,9,True
3667,6823,7,5,False
4546,1536,2,6,True
2013,3418,1,7,True
9994,893,1,9,True
6546,3086,0,4,True
7788,7941,8,8,False
6518,6112,5,9,True
916,6207,4,6,True
3108,4316,3,9,True
1739,1306,0,4,True
9733,5374,9,5,False
3987,4738,8,4,False
8999,1777,0,0,False
3530,9936,4,8,True
5176,3163,8,8,False
556,4001,4,4,False
1359,9216,7,9,True
9369,8047,2,2,False
814,5270,6,0,False
5169,159,4,4,False
4534,6407,9,1,False
5267,6519,2,2,False
2073,1576,5,7,True
6560,8134,9,7,False
8341,2489,6,4,False
9768,6373,2,4,True
9469,588,7,5,False
2586,2445,5,5,False
1255,1500,9,7,False
3583,2353,8,2,False
8335,8580,0,6,True
7223,2103,1,5,True
4662,5784,9,9,False
638,6227,5,5,False
3489,1263,2,4,True
9424,8264,6,4,False
275,2382,4,8,True
8841,1396,9,9,False
1510,7329,5,3,False
2720,4729,9,1,False
1158,4704,4,6,True
5663,1434,7,1,False
3018,7681,6,6,False
7630,4111,5,9,True
2273,1994,1,1,False
634,5839,9,1,False
6451,6586,9,7,False
7341,6129,4,0,False
6006,1331,7,5,False
8170,7257,5,3,False
676,912,7,3,False
9322,148,8,0,False
1757,4882,0,6,True
2553,9216,1,9,True
1150,3597,3,9,True
7459,1501,9,9,False
7513,7559,7,5,False
1754,1369,7,7,False
1816,6615,4,6,True
3184,6458,7,7,False
1028,5080,3,9,True
9749,7844,5,7,True
7923,1918,8,0,False
7325,605,1,7,True
7818,2423,4,8,True
5366,9446,2,2,False
9997,6345,4,2,False
6036,7161,2,0,False
3443,855,3,3,False
404,7049,2,0,False
4056,2825,5,1,False
2371,1176,4,0,False
6518,1308,5,9,True
7280,6751,1,1,False
4362,3089,8,2,False
1542,7135,4,2,False
4752,2634,9,3,False
5838,6990,0,4,True
7658,8654,1,7,True
7273,5930,4,0,False
144,9061,7,1,False
1306,9623,4,2,False
5421,5300,6,8,True
2492,7637,0,2,True
8300,5300,8,8,False
6777,4403,6,0,False
7502,2106,8,0,False
9338,1581,5,7,True
3633,3163,8,8,False
8823,2666,5,7,True
3476,5585,3,3,False
3210,9597,0,2,True
6187,6080,6,8,True
5063,5141,4,0,False
8294,7593,8,0,False
6609,5639,7,9,True
8761,6863,5,3,False
1814,2822,7,1,False
6901,5997,1,5,True
9185,9902,6,0,False
9020,7258,8,6,False
4570,7044,9,9,False
1605,1403,3,1,False
1491,296,6,0,False
1671,8005,7,1,False
7389,8359,6,0,False
4866,7012,4,2,False
3700,7566,4,0,False
1834,3119,1,5,True
2001,5625,5,3,False
6652,6371,1,3,True
6264,3714,0,6,True
4294,4244,9,3,False
6676,3897,3,3,False
6915,561,4,0,False
461,2552,6,8,True
8390,9675,1,5,True
5371,2731,7,3,False
3902,8979,5,1,False
3082,9944,3,3,False
818,9331,1,5,True
2064,6272,5,3,False
6723,5335,4,4,False
7283,3833,4,8,True
2112,8377,2,6,True
9598,6541,6,2,False
8933,2560,9,3,False
3275,1498,5,7,True
452,7283,2,4,True
9873,2542,4,6,True
9038,1324,0,8,True
382,2088,3,9,True
5747,2979,3,9,True
3684,4982,4,8,True
8895,4092,0,8,True
4184,819,9,3,False
1326,2313,7,9,True
9634,1720,0,4,True
7655,9917,0,8,True
1794,2371,0,4,True
4213,2893,9,3,False
1297,8212,0,0,False
3351,6278,1,1,False
8163,391,0,8,True
1166,7849,3,3,False
3511,7001,2,2,False
5019,7270,3,1,False
3025,5011,4,8,True
3012,9433,8,8,False
1963,5736,4,6,True
7808,9903,5,1,False
2652,8669,2,8,True
1948,3083,5,3,False
8902,405,2,4,True
3600,6099,2,0,False
3611,516,2,2,False
2244,3546,9,1,False
2117,4477,4,0,False
7771,3177,3,3,False
5828,9158,0,0,False
7533,7998,7,7,False
8284,6436,7,9,True
4173,2896,2,8,True
4720,6553,0,4,True
9712,9778,8,6,False
2661,3309,1,7,True
6980,7195,9,5,False
9624,4337,3,1,False
1736,9797,1,3,True
6910,3190,9,9,False
6008,1025,1,1,False
2685,521,9,9,False
9479,6601,3,1,False
9743,8568,7,1,False
6408,460,1,5,True
3029,5403,4,8,True
2969,5742,5,5,False
1225,3576,8,8,False
5978,2334,1,7,True
1954,141,5,7,True
158,5273,3,3,False
7747,9436,0,0,False
3759,9073,9,3,False
6433,4765,4,6,True
8764,3615,0,4,True
9325,4652,0,4,True
9538,7033,4,4,False
5091,5132,1,1,False
3293,839,2,8,True
8048,746,1,7,True
6784,1906,9,9,False
7537,2862,0,8,True
9546,6157,7,9,True
9589,380,6,0,False
264,9295,9,1,False
7693,4779,0,6,True
6717,623,6,6,False
5650,295,8,4,False
7818,1577,4,6,True
4810,4400,5,7,True
5551,6441,7,7,False
9243,5251,8,0,False
9881,749,3,1,False
4769,7325,9,1,False
1941,6008,7,1,False
513,3718,2,4,True
188,2318,0,0,False
5405,7255,0,0,False
2848,1461,2,4,True
6161,8932,8,8,False
885,4367,6,2,False
1858,814,6,6,False
1190,4235,5,9,True
9884,6098,7,7,False
2730,2235,7,1,False
1919,2024,7,7,False
2379,9432,1,9,True
7214,1962,3,3,False
9615,7951,4,8,True
4505,5162,9,7,False
3645,1483,5,1,False
4736,1322,7,9,True
9023,3916,9,3,False
1312,1264,8,4,False
958,3425,3,7,True
3599,7785,2,2,False
2997,7864,1,9,True
5695,3488,0,6,True
4990,7320,3,7,True
8380,1762,6,0,False
3635,6076,8,4,False
7296,8296,7,3,False
6675,3169,6,4,False
4650,7050,0,6,True
5145,9603,6,2,False
2449,7684,0,6,True
1850,4008,8,6,False
7683,3154,2,4,True
434,7674,9,3,False
5642,4262,1,1,False
9138,1408,6,0,False
6950,3420,3,1,False
6615,8341,6,6,False
8203,5347,7,5,False
7346,4562,6,2,False
1588,780,3,3,False
6805,3099,7,1,False
3019,6484,1,1,False
9886,4620,6,6,False
8383,6981,9,5,False
844,4156,8,2,False
3655,1932,2,2,False
606,9565,8,4,False
3857,1048,9,9,False
4615,3764,2,0,False
6303,6318,9,9,False
3660,4484,0,6,True
3308,2742,7,9,True
5818,4832,0,6,True
44,1513,3,3,False
8357,7930,8,2,False
3856,2727,9,5,False
1102,2674,5,1,False
5557,7575,2,2,False
237,7897,2,6,True
5352,317,9,5,False
4419,1293,8,6,False
177,9886,8,6,False
7639,9419,3,7,True
8117,4133,0,2,True
1761,710,5,5,False
9433,4882,8,6,False
8732,8355,6,4,False
2436,1565,4,0,False
5108,5615,0,2,True
7916,5627,1,9,True
7849,4078,3,9,True
7399,203,1,1,False
4811,5347,7,5,False
1805,4316,7,9,True
2458,6838,6,8,True
2370,5967,0,8,True
479,3944,9,3,False
5769,3316,5,7,True
3247,6305,4,2,False
4587,9053,6,6,False
8508,2810,3,5,True
5598,5314,5,1,False
9515,6718,7,9,True
4945,3045,9,3,False
9635,8635,2,8,True
9881,1975,3,7,True
7334,9160,7,5,False
4624,1772,7,7,False
8292,2447,2,4,True
2421,8449,1,1,False
9017,2605,1,7,True
7854,4623,9,7,False
4950,286,2,6,True
652,3493,1,3,True
9576,1986,7,1,False
8117,5125,0,2,True
7163,5890,2,0,False
844,4203,8,6,False
5851,4753,4,8,True
1436,4521,6,2,False
3288,7192,4,2,False
4883,3635,6,8,True
7878,5930,8,0,False
6446,7045,2,4,True
1592,4199,7,7,False
9638,4972,9,1,False
9371,7258,4,6,True
9336,2255,1,3,True
4173,2249,2,4,True
8956,3184,7,7,False
4874,1367,9,3,False
9160,7439,5,7,True
6281,7275,2,6,True
2311,8755,2,4,True
5015,8138,9,1,False
7557,5679,9,1,False
7523,6767,7,3,False
7442,416,1,1,False
7016,1465,8,4,False
5069,4045,0,6,True
2034,8777,1,3,True
848,6314,1,5,True
6719,115,0,4,True
8372,7426,9,9,False
1413,919,4,2,False
1729,5344,1,9,True
4880,9402,0,8,True
5315,966,9,9,False
9728,8492,4,2,False
3412,8580,0,6,True
9346,8235,2,4,True
3708,2593,8,0,False
4973,92,3,9,True
3208,1836,7,1,False
1,2542,2,6,True
8629,1609,0,2,True
3401,1722,0,2,True
369,8167,3,3,False
6277,887,5,3,False
5032,6753,4,0,False
2946,3795,1,3,True
9884,7077,7,5,False
7196,2433,6,2,False
3112,2370,8,0,False
2859,8501,8,0,False
7922,7992,2,2,False
4646,1617,1,3,True
5896,4408,1,9,True
6200,1732,9,9,False
6712,6852,1,7,True
490,4756,0,8,True
1923,9117,3,5,True
162,9378,5,1,False
524,7171,3,1,False
5930,2328,0,0,False
7395,4436,1,9,True
2651,5976,6,8,True
5830,8730,0,0,False
8288,1003,9,5,False
2508,5884,6,6,False
7414,2266,5,1,False
4846,6338,9,1,False
8046,6288,8,0,False
9774,2890,1,7,True
2072,5194,3,5,True
9438,9968,1,7,True
1081,705,9,7,False
2660,3846,0,6,True
1774,8300,8,8,False
5187,3745,5,1,False
1758,2910,8,2,False
6758,1027,1,1,False
4186,1920,0,4,True
1229,7349,8,2,False
9786,451,5,3,False
5381,1802,2,2,False
6067,2143,5,7,True
3271,4218,0,8,True
7048,4586,1,3,True
3355,2715,2,4,True
8537,3078,9,3,False
9688,431,0,8,True
3389,567,8,0,False
100,6010,6,2,False
9182,8834,3,5,True
5701,3123,8,4,False
3038,3336,7,5,False
8084,5645,9,9,False
9984,9024,1,7,True
1147,7309,4,8,True
6047,1122,9,7,False
2122,8592,2,2,False
1630,1887,1,7,True
3733,815,1,3,True
340,3618,5,9,True
4049,6272,7,3,False
1086,2548,9,9,False
1186,8640,7,9,True
8605,8311,6,6,False
6420,9986,9,3,False
9072,1859,2,8,True
4225,460,7,5,False
5664,7027,4,8,True
3202,5361,7,1,False
2328,3401,0,0,False
992,3809,9,1,False
1150,9113,3,7,True
5785,1197,2,0,False
9652,9882,7,3,False
9158,7967,0,0,False
4519,713,4,0,False
603,8251,8,0,False
5853,7181,6,8,True
4855,3673,7,1,False
931,461,4,6,True
8877,6332,8,4,False
9181,8023,2,0,False
6461,6298,0,6,True
7156,7110,2,6,True
1938,7291,4,2,False
6140,5883,0,2,True
5739,7269,2,0,False
3959,3849,0,0,False
9793,183,6,0,False
6889,8908,8,2,False
275,4172,4,4,False
1287,953,8,4,False
7302,3036,8,6,False
687,5026,3,9,True
9719,3943,5,3,False
2075,9781,3,7,True
7717,1962,1,3,True
1279,4176,4,2,False
8223,5965,8,0,False
7381,5076,0,4,True
8910,4685,3,1,False
8757,4476,4,2,False
8742,8132,7,5,False
905,5799,2,2,False
7844,4492,7,3,False
3389,2286,8,6,False
5116,9187,6,8,True
2058,6220,2,4,True
607,3909,6,2,False
7318,1832,9,3,False
8292,580,2,8,True
4460,9499,7,1,False
4800,1351,7,1,False
4680,6406,6,6,False
279,6151,1,3,True
7160,696,5,1,False
3427,6332,6,4,False
7175,8848,0,6,True
5117,543,6,8,True
393,9823,1,7,True
4219,9545,5,5,False
475,5710,4,8,True
6884,912,5,3,False
9193,6473,4,0,False
8643,7476,5,3,False
9254,9182,9,3,False
2604,6125,5,1,False
3852,2115,1,7,True
4713,4598,2,4,True
4172,9020,4,8,True
5414,9231,9,3,False
616,9931,9,1,False
5805,4304,9,1,False
9810,185,1,9,True
5141,9450,0,8,True
4244,2868,3,1,False
7464,254,9,7,False
127,7523,5,7,True
5993,7987,0,0,False
6812,986,4,6,True
4627,9158,6,0,False
1021,7098,7,7,False
4341,4625,2,2,False
7988,2034,5,1,False
2920,2440,6,4,False
3868,1920,8,4,False
3091,8416,8,4,False
9368,5080,1,9,True
9195,3790,6,0,False
4353,4327,0,0,False
5911,8983,8,0,False
9987,3904,4,2,False
1755,1235,5,5,False
1812,8259,9,9,False
3941,3397,4,4,False
9218,5970,9,1,False
1129,6871,1,7,True
2303,370,3,7,True
9795,5784,1,9,True
6570,6023,3,3,False
4701,481,9,9,False
6152,752,4,4,False
2420,9548,9,3,False
1774,3522,8,2,False
8254,8210,3,9,True
3461,6087,7,5,False
2488,6354,2,6,True
1297,3726,0,4,True
8706,1940,3,5,True
7862,8721,8,2,False
5074,4309,3,9,True
9565,4920,4,2,False
5495,4055,8,2,False
3739,7352,3,5,True
1846,3891,5,9,True
6604,5807,1,5,True
5886,9318,6,2,False
6051,8055,2,0,False
7472,6987,2,6,True
9461,2099,6,8,True
6797,9730,2,6,True
4375,4819,8,0,False
5022,1887,9,7,False
6810,7017,2,6,True
9577,8212,2,0,False
3029,7553,4,8,True
2791,2023,6,0,False
4232,8962,1,9,True
1631,2025,9,3,False
7181,428,8,4,False
1230,2198,4,2,False
6801,5682,3,5,True
6709,9251,8,6,False
4926,1987,6,0,False
5399,9553,1,9,True
763,1246,0,0,False
7242,6577,9,7,False
7019,4644,1,9,True
2171,2934,1,9,True
2530,146,4,8,True
7312,6095,3,5,True
7067,2837,5,7,True
1559,3754,9,5,False
7962,5479,9,3,False
9375,8602,8,2,False
4577,5177,5,7,True
5100,2863,9,9,False
715,3514,2,2,False
8391,4463,7,5,False
1607,5575,3,9,True
2655,1900,1,1,False
4378,7850,5,5,False
3606,2712,1,3,True
4174,9781,9,7,False
3845,4668,8,2,False
1587,3442,6,6,False
475,9954,4,2,False
8967,8937,6,6,False
126,8117,0,0,False
6178,3383,8,6,False
9231,6871,3,7,True
8419,2021,3,5,True
4717,1763,1,3,True
7394,7196,4,6,True
4225,1386,7,7,False
4667,1956,8,4,False
1258,3591,5,5,False
5469,2625,6,2,False
4424,7311,9,3,False
5272,644,2,0,False
1624,8422,7,9,True
3040,9017,7,1,False
148,4112,0,8,True
9756,6284,6,4,False
3270,4446,6,6,False
2444,7819,1,5,True
8253,4744,2,8,True
3317,1470,0,8,True
61,7221,8,0,False
8155,9266,4,2,False
2999,653,0,2,True
4226,9895,5,7,True
9430,3789,3,1,False
7811,8568,1,1,False
5034,3847,6,0,False
7826,7908,5,7,True
9649,5732,1,1,False
4728,1553,5,9,True
1886,4824,6,0,False
7219,5214,7,3,False
7078,1943,6,6,False
7737,5343,0,8,True
5818,6635,0,2,True
8046,8131,8,4,False
3791,442,9,3,False
4297,8192,7,5,False
6818,1024,0,4,True
4202,5083,5,5,False
6291,7128,5,9,True
6413,4190,3,1,False
4486,8075,8,8,False
5690,769,6,6,False
7226,6601,1,1,False
9516,2784,8,2,False
1852,5511,6,6,False
8966,362,2,2,False
6330,1509,2,4,True
5655,8933,7,9,True
834,8615,6,2,False
6049,8895,8,0,False
2631,8898,0,4,True
3711,4655,9,1,False
6251,5543,4,8,True
3470,8933,5,9,True
249,609,2,2,False
8755,1702,4,8,True
7825,673,7,9,True
4751,5055,4,4,False
3819,4127,4,2,False
4558,2074,4,4,False
6447,2103,3,5,True
1358,1215,1,3,True
8380,6925,6,0,False
269,9001,0,6,True
1580,9789,4,4,False
3102,9772,5,1,False
5187,6855,5,7,True
5066,4591,6,6,False
3248,1611,3,3,False
9301,7600,1,1,False
4665,6914,9,9,False
3694,6776,2,8,True
7801,4563,7,1,False
6383,305,0,0,False
6331,5991,3,1,False
7528,3718,2,4,True
6625,3853,8,6,False
5941,7679,9,5,False
5201,5559,4,4,False
1402,1579,2,6,True
3463,8141,4,4,False
1407,2363,2,4,True
9946,7636,1,1,False
993,8200,0,6,True
6634,4984,1,1,False
2427,575,3,9,True
9141,9656,7,3,False
79,4299,7,9,True
9351,8123,2,6,True
5013,3810,1,5,True
7445,7798,7,3,False
1751,7093,4,2,False
6279,2124,2,4,True
2715,8634,4,0,False
2780,3298,2,4,True
1825,619,9,1,False
7991,2735,9,9,False
2262,8840,7,3,False
6421,133,3,7,True
1883,7014,7,1,False
4330,8439,5,1,False
9923,5972,1,5,True
2368,4876,4,2,False
6203,8625,2,2,False
7612,7467,5,7,True
5519,2242,0,2,True
8719,7885,2,4,True
5320,6939,0,2,True
2491,7833,2,4,True
106,5228,2,6,True
3325,1562,0,8,True
5311,1520,9,7,False
7791,9892,0,8,True
1138,5855,2,8,True
5770,258,6,2,False
4601,4777,8,8,False
9435,4888,1,5,True
6494,4097,3,3,False
1300,9862,4,6,True
1712,3603,0,6,True
2858,4224,9,9,False
2118,8677,6,6,False
5293,9294,3,7,True
9941,7634,5,9,True
2811,49,0,4,True
3603,1529,6,4,False
2389,2761,8,0,False
5,5182,1,9,True
879,2272,8,8,False
6857,7606,3,7,True
4841,8078,3,1,False
4012,9312,4,6,True
6061,6196,3,5,True
5699,4989,1,9,True
8571,1243,5,5,False
2779,4649,0,6,True
7279,9318,0,2,True
7905,4032,3,1,False
9269,7245,6,2,False
2855,382,5,3,False
7517,5553,1,1,False
3451,9957,7,7,False
6384,6258,2,6,True
194,3273,0,6,True
5795,8494,7,3,False
106,9755,2,8,True
5262,1510,9,5,False
4084,8120,3,3,False
4571,571,6,4,False
7717,6408,1,1,False
4229,4594,4,2,False
9512,534,4,6,True
9804,7325,3,1,False
2789,7634,1,9,True
642,6178,0,8,True
2543,2976,8,6,False
1390,6997,0,4,True
942,7379,6,8,True
5265,1619,6,0,False
3101,9903,7,1,False
5562,5300,2,8,True
9763,6122,0,6,True
6723,6939,4,2,False
1099,3235,6,4,False
4464,1407,6,2,False
7379,750,8,0,False
9821,3166,3,7,True
2773,45,5,5,False
4374,9057,5,9,True
1884,5485,1,7,True
9180,1376,1,5,True
1418,1861,9,1,False
3066,1440,4,4,False
5312,9834,4,8,True
2834,188,8,0,False
6262,7670,8,6,False
4123,5155,8,0,False
2201,5200,4,4,False
6332,4820,4,8,True
4675,2349,0,8,True
6665,3647,3,7,True
4565,3325,6,0,False
4954,4361,2,0,False
4245,1492,9,9,False
5700,9342,3,3,False
5598,8447,5,5,False
2731,576,3,3,False
2521,8692,7,1,False
7216,5803,0,8,True
3336,5496,5,7,True
1469,8290,3,3,False
4343,3627,0,8,True
4191,483,1,5,True
8588,3141,6,6,False
2262,7535,7,9,True
5982,9112,5,1,False
9503,522,5,7,True
1684,5759,5,1,False
2657,7027,0,8,True
5363,5400,7,5,False
3154,5980,4,0,False
2606,7529,5,3,False
390,7310,2,6,True
9582,9299,3,9,True
6421,7636,3,1,False
4221,6241,4,0,False
7795,6453,9,3,False
639,3786,9,1,False
7016,7094,8,8,False
9327,6447,7,3,False
2748,8515,0,6,True
5041,9933,8,2,False
9441,2330,6,4,False
5569,903,8,6,False
5178,2367,4,6,True
7398,6374,3,1,False
7678,13,2,0,False
3342,2879,6,4,False
4919,1284,9,3,False
3932,3384,2,2,False
1455,3952,9,5,False
9224,6258,4,6,True
7941,2664,8,2,False
1615,7591,3,1,False
3425,7616,7,9,True
7475,3919,5,1,False
6466,2144,2,6,True
2151,6434,3,7,True
4541,6845,3,7,True
8636,1133,1,7,True
7875,9472,3,9,True
3684,2999,4,0,False
6167,6051,6,2,False
8090,23,1,5,True
1232,3720,9,7,False
8310,3169,2,4,True
3520,5063,6,4,False
1495,5453,3,1,False
2884,6862,3,3,False
4789,5213,8,6,False
7752,537,5,1,False
6790,2880,3,1,False
6637,8594,4,2,False
7739,1388,2,6,True
1637,6508,5,9,True
2699,5345,2,4,True
9552,8424,0,2,True
7326,171,3,7,True
6465,6803,3,5,True
5082,7080,4,8,True
1853,9740,9,9,False
8106,5992,7,7,False
5370,8650,1,1,False
1791,2870,1,9,True
8593,6164,9,7,False
2491,130,2,6,True
9533,4148,5,7,True
8560,7572,2,2,False
772,7495,1,9,True
637,1945,3,1,False
7426,5893,9,1,False
9967,6175,8,4,False
6862,5412,3,7,True
351,8767,5,7,True
2868,4691,1,1,False
6714,261,3,5,True
5206,4761,5,9,True
9915,1871,4,2,False
575,8586,9,1,False
4006,2813,1,3,True
8888,1571,6,4,False
2403,8200,0,6,True
4400,5546,7,9,True
9963,3937,7,1,False
648,1215,3,3,False
5991,605,1,7,True
1685,6369,6,4,False
5659,5063,0,4,True
6447,337,3,7,True
4313,1333,4,0,False
1866,3060,5,9,True
4853,9931,1,1,False
828,6258,2,6,True
3464,7036,1,5,True
2967,4435,7,3,False
6643,3046,0,8,True
4357,74,7,1,False
3333,276,7,1,False
2076,4400,3,7,True
7462,9660,9,7,False
1564,3575,7,7,False
321,5434,2,8,True
1074,4829,8,8,False
9495,6772,7,9,True
8742,6247,7,9,True
9009,187,7,5,False
5471,5121,7,7,False
7170,2450,3,3,False
8052,3394,7,9,True
6509,4279,6,2,False
496,9234,9,5,False
8094,9333,2,4,True
1327,3338,9,9,False
4864,4676,1,1,False
7280,7538,1,7,True
2614,9732,8,8,False
5881,9387,8,0,False
6682,350,9,1,False
8987,7918,5,5,False
6273,8932,4,8,True
6319,2067,0,0,False
6595,3628,8,2,False
1857,9488,6,0,False
2867,2563,1,7,True
8891,6573,7,5,False
3501,6729,9,1,False
5113,5835,1,7,True
5321,8342,0,0,False
3637,6504,7,3,False
7479,4589,3,1,False
2538,2851,9,7,False
4624,46,7,1,False
7480,2767,1,3,True
6399,9658,6,6,False
6730,6609,7,7,False
511,3722,4,4,False
8359,1352,0,2,True
345,5210,1,9,True
2783,9459,8,0,False
1472,5949,3,7,True
6492,9173,8,8,False
2708,7623,4,8,True
3863,2813,5,3,False
3190,5174,9,5,False
4920,1093,2,8,True
3444,9609,4,8,True
7405,3957,1,5,True
3902,2839,5,5,False
8074,1785,7,1,False
2564,3953,7,3,False
1107,97,9,7,False
6776,8628,8,6,False
6192,1114,1,3,True
4181,8682,1,1,False
8872,424,8,0,False
7754,954,7,9,True
6409,637,9,3,False
6422,8267,9,9,False
6902,1997,1,3,True
2429,4401,2,2,False
2828,6127,4,0,False
5456,2285,9,7,False
8029,3510,0,2,True
1564,5291,7,1,False
7629,8172,4,0,False
4371,5729,8,8,False
7173,5302,1,5,True
4148,9180,7,1,False
9591,558,1,9,True
2459,8669,2,8,True
393,3570,1,5,True
9108,5821,7,5,False
4907,2553,3,1,False
7654,7089,7,9,True
2504,2059,1,7,True
4906,6412,4,2,False
3679,422,1,9,True
9704,5082,0,4,True
9722,225,8,2,False
5852,8215,5,3,False
7682,9984,9,1,False
5758,2613,4,4,False
8453,6012,5,1,False
7828,2706,9,1,False
2814,7808,5,5,False
209,1032,9,5,False
3631,4945,5,9,True
3724,2488,0,2,True
9821,1911,3,5,True
5958,8291,6,6,False
9200,180,1,1,False
3371,6076,0,4,True
6641,1644,8,2,False
8190,1072,7,3,False
8939,8643,3,5,True
940,7429,6,4,False
4081,4285,6,6,False
4090,3794,0,8,True
2845,640,9,1,False
8918,4450,7,1,False
3195,1068,2,8,True
8681,5079,0,0,False
3463,3781,4,8,True
9745,9677,4,0,False
7487,1595,9,7,False
5343,1230,8,4,False
7957,1955,4,8,True
1331,7672,5,5,False
1663,9014,8,6,False
9953,8103,6,6,False
9198,141,9,7,False
1789,7138,3,1,False
9800,7597,0,8,True
4206,6786,2,0,False
7950,2833,7,7,False
8188,7801,7,7,False
4786,4240,9,9,False
5712,4614,6,0,False
7090,1789,5,3,False
8107,123,4,6,True
8231,7588,1,9,True
2612,2868,1,1,False
7192,5108,2,0,False
7376,5729,4,8,True
3245,1819,8,6,False
3547,5145,2,6,True
5130,8568,9,1,False
1660,4796,7,3,False
9492,2592,4,0,False
2528,3073,9,1,False
2755,2548,9,9,False
5444,8582,4,4,False
9606,6712,5,1,False
3693,4224,9,9,False
4858,5957,1,5,True
5129,5584,8,0,False
5050,7253,9,1,False
6857,9101,3,7,True
6716,80,5,7,True
882,6576,9,7,False
2263,7372,9,5,False
288,3237,1,1,False
4282,4950,0,2,True
352,5160,5,5,False
6148,5220,5,9,True
3574,8353,0,2,True
4381,1728,5,1,False
4055,2683,2,4,True
7736,9573,9,7,False
727,6267,3,7,True
4025,4498,1,7,True
948,1637,1,5,True
5733,4622,2,6,True
7061,4561,9,7,False
7853,2218,8,4,False
5433,6897,8,8,False
2492,9813,0,4,True
9275,3193,3,3,False
7297,4091,8,0,False
9255,8834,9,5,False
8994,8578,9,5,False
333,2273,5,1,False
5260,6033,4,6,True
3460,2948,9,5,False
7557,3673,9,1,False
5811,5334,1,7,True
4351,4274,0,2,True
2340,1989,4,4,False
6882,6377,3,7,True
766,8536,5,1,False
8516,6246,6,2,False
9405,7279,0,0,False
8377,5469,6,6,False
4537,9287,3,9,True
1071,1201,7,1,False
9276,1886,4,6,True
8532,1457,2,0,False
9843,3050,9,1,False
7172,4632,6,2,False
7276,2456,7,9,True
1152,2915,9,7,False
7320,8525,7,7,False
328,6456,7,1,False
92,6263,9,7,False
159,3734,4,0,False
6880,2426,5,9,True
3594,9435,7,1,False
8601,7384,5,9,True
9550,5930,4,0,False
3180,2462,2,2,False
5167,3051,2,6,True
459,8861,0,4,True
2126,8969,2,2,False
1100,5245,7,3,False
3721,3363,7,3,False
5082,2737,4,6,True
4330,3763,5,5,False
5938,474,6,8,True
7321,2062,2,6,True
383,7157,7,3,False
6347,834,8,6,False
7067,6420,5,9,True
3424,6348,6,8,True
1549,2937,4,0,False
2729,3500,2,4,True
8129,5987,2,0,False
6680,3053,1,5,True
1517,8423,0,6,True
7701,4105,7,1,False
7609,294,2,0,False
6343,7002,8,2,False
1617,5688,3,7,True
4963,1040,9,1,False
4808,3711,3,9,True
6497,7845,2,8,True
4604,5413,0,8,True
2352,4156,6,2,False
9383,169,6,4,False
8615,2610,2,2,False
7817,656,0,0,False
9922,3502,4,8,True
5972,9969,5,1,False
2545,6745,5,3,False
2932,8615,0,2,True
3051,6100,6,4,False
2721,525,6,0,False
3277,4900,7,7,False
5998,4257,1,9,True
433,389,5,9,True
433,7588,5,9,True
2401,6797,4,2,False
8963,6296,8,8,False
2650,1665,8,4,False
5829,3698,2,0,False
7001,1124,2,8,True
7914,7731,6,4,False
8672,7097,1,3,True
11,5218,6,6,False
7577,4130,5,7,True
5407,8968,2,6,True
9898,1550,1,5,True
7954,9233,1,1,False
2107,3650,8,0,False
2382,3737,8,8,False
1573,6738,8,4,False
9923,1699,1,7,True
3758,4188,4,0,False
5049,5495,8,8,False
9543,8403,7,7,False
2113,5252,5,1,False
6026,2335,7,1,False
6427,814,4,6,True
3063,260,6,8,True
583,3954,2,8,True
6614,5401,2,6,True
9510,8000,2,4,True
5524,2993,1,7,True
7290,3460,1,9,True
4222,8819,3,1,False
1885,4487,1,7,True
5408,2974,3,1,False
5477,7861,1,7,True
1553,5498,9,7,False
1006,5868,7,9,True
383,8777,7,3,False
1571,3773,4,2,False
1785,1925,1,7,True
2024,5579,7,5,False
7298,7025,9,9,False
8382,3066,0,4,True
8257,3109,7,7,False
3685,298,4,2,False
5923,8738,4,0,False
9355,8816,6,8,True
8858,6057,0,2,True
8820,2791,2,6,True
2558,1618,5,5,False
3758,2520,4,8,True
3237,4467,1,7,True
6689,4976,4,4,False
8429,6784,3,9,True
7551,5162,3,7,True
5033,4,0,4,True
4197,9230,4,0,False
3363,9891,3,9,True
997,6838,0,8,True
2393,8007,8,0,False
4043,6529,0,4,True
6989,6526,2,0,False
4149,5855,2,8,True
3758,4625,4,2,False
6698,2067,2,0,False
3428,7379,6,8,True
4615,5475,2,2,False
1963,8646,4,2,False
8467,1655,9,9,False
3754,7063,5,1,False
2009,8740,9,1,False
2487,1114,5,3,False
4349,652,1,1,False
4106,1806,3,7,True
6866,9447,5,7,True
8103,4889,6,2,False
8687,1713,6,0,False
9964,6057,0,2,True
8220,7198,4,8,True
907,1697,1,9,True
4422,4052,5,5,False
6748,4047,1,9,True
1327,191,9,1,False
8075,4046,8,4,False
3575,9546,7,7,False
4264,1673,1,1,False
9059,9787,3,3,False
9787,8390,3,1,False
671,9707,9,3,False
9822,1638,4,0,False
1968,3964,8,8,False
9372,9742,5,3,False
6333,637,5,3,False
7095,7435,9,3,False
6645,7188,2,6,True
3596,9424,4,6,True
429,5500,8,4,False
4906,6865,4,4,False
7603,4241,8,0,False
5527,5649,9,7,False
4629,7421,8,4,False
5433,7629,8,4,False
2578,3378,7,7,False
6455,5594,3,1,False
8309,1475,4,6,True
5639,9945,9,9,False
5301,5125,0,2,True
1511,6773,4,2,False
8022,2973,1,9,True
3237,4249,1,1,False
5625,5404,3,9,True
5802,2564,5,7,True
5405,291,0,2,True
3191,9686,0,2,True
8173,9056,7,3,False
9044,8698,7,7,False
6633,1273,0,0,False
1557,1514,4,2,False
4232,2344,1,7,True
8606,5671,7,9,True
2139,6190,3,9,True
4937,9476,0,2,True
5421,3728,6,4,False
651,3969,7,7,False
4582,461,2,6,True
3623,3528,5,3,False
3749,7335,6,6,False
2419,232,8,8,False
3929,317,5,5,False
7073,6673,1,1,False
6867,3137,4,4,False
9293,6222,9,1,False
5848,4234,1,3,True
5947,5858,5,7,True
5366,8978,2,0,False
1228,2167,9,7,False
3983,8698,1,7,True
1602,8437,6,8,True
8653,5019,5,3,False
3785,5826,2,6,True
7745,4499,8,6,False
7669,7291,4,2,False
9545,7025,5,9,True
2866,396,6,2,False
9027,920,3,1,False
7677,2377,7,7,False
5928,1108,6,6,False
9206,4056,9,5,False
9947,8157,4,8,True
2147,6377,9,7,False
7526,5191,0,4,True
5299,3759,9,9,False
2317,8715,7,1,False
96,9837,1,7,True
5987,9776,0,6,True
1199,1068,6,8,True
2586,3107,5,7,True
3021,3046,2,8,True
8223,1991,8,2,False
1430,1512,1,9,True
9275,6224,3,1,False
6125,7645,1,7,True
5743,3071,6,2,False
5216,5936,2,4,True
7163,4208,2,0,False
1469,2952,3,3,False
6456,3203,1,1,False
5876,1373,8,6,False
7284,1510,5,5,False
313,9781,3,7,True
9253,996,4,2,False
1532,2697,9,5,False
8794,236,2,2,False
5464,6424,4,0,False
416,9177,1,3,True
1102,2768,5,5,False
8279,3057,8,2,False
5774,1610,4,0,False
9974,6258,4,6,True
7339,2990,8,8,False
7409,533,6,4,False
8932,2006,8,6,False
4670,1737,1,5,True
2890,9533,7,5,False
1658,8266,2,8,True
2601,5650,6,8,True
8855,6243,5,7,True
1866,8959,5,7,True
5667,4115,2,2,False
2281,3866,3,1,False
3005,6506,9,1,False
5987,989,0,6,True
9546,1600,7,3,False
5369,8764,0,0,False
8827,3213,9,7,False
5135,2189,9,9,False
3157,4688,5,3,False
6506,7006,1,3,True
1316,7912,1,7,True
8168,1735,2,4,True
9067,7809,7,5,False
4892,8030,5,7,True
874,8519,9,7,False
3170,1482,0,6,True
9486,9233,7,1,False
5257,806,0,8,True
799,5082,2,4,True
3005,5639,9,9,False
7213,8450,6,2,False
8456,6195,8,4,False
3566,1642,2,2,False
2967,3580,7,7,False
1150,3268,3,1,False
3326,9231,3,3,False
763,6359,0,8,True
1951,4879,6,8,True
4003,5529,6,0,False
6499,3794,2,8,True
6471,702,7,7,False
2370,9960,0,4,True
4343,7047,0,4,True
3292,4357,7,7,False
150,6690,9,3,False
6060,4461,1,5,True
8116,4241,6,0,False
6591,714,6,8,True
2064,3595,5,5,False
1920,1936,4,2,False
8121,1125,4,8,True
8921,5474,0,4,True
4291,6637,4,4,False
8665,4592,5,9,True
9216,4201,9,1,False
1991,6585,2,4,True
1441,9213,8,8,False
3208,2032,7,3,False
7794,7967,2,0,False
1865,3801,4,6,True
6473,3105,0,2,True
1149,4033,8,0,False
9925,5959,3,7,True
2300,7130,3,3,False
8363,3181,4,6,True
5322,740,4,4,False
2536,5715,0,6,True
2815,5620,1,7,True
3203,900,1,1,False
6107,2478,3,9,True
8164,1013,1,9,True
3089,3254,2,6,True
7073,382,1,3,True
1102,3968,5,5,False
8995,2585,1,9,True
9092,5319,8,4,False
1865,1101,4,8,True
8372,8638,9,7,False
2842,5391,0,6,True
614,2310,3,9,True
3883,115,0,4,True
51,9090,3,1,False
6464,9424,8,6,False
3726,600,4,6,True
361,7925,6,6,False
4534,9942,9,3,False
7252,3842,3,9,True
9883,4027,5,7,True
7334,7728,7,1,False
7555,8913,0,0,False
3609,2320,7,9,True
2799,6236,3,5,True
2576,5908,1,9,True
7186,5032,4,4,False
722,7666,4,8,True
8742,3663,7,5,False
2011,5658,3,5,True
6770,7017,0,6,True
7432,7294,7,5,False
6236,7476,5,3,False
5418,5223,3,5,True
2141,8559,7,1,False
4113,3611,2,2,False
9450,3257,8,2,False
7474,8856,5,3,False
6026,4910,7,9,True
6553,2363,4,4,False
1750,8767,7,7,False
4800,6640,7,7,False
3327,3613,2,0,False
8914,2533,1,3,True
8366,6956,5,9,True
7370,425,8,4,False
6439,9436,2,0,False
4575,9364,4,6,True
6703,9563,2,8,True
2496,6849,2,2,False
7561,3967,1,9,True
8095,5296,4,6,True
1613,1108,8,6,False
384,161,6,6,False
5543,1502,8,8,False
5726,3259,5,1,False
3544,5151,4,4,False
6066,5284,4,4,False
7651,5431,9,1,False
4863,5086,8,2,False
9343,2675,6,4,False
2737,6924,6,4,False
8844,6831,2,2,False
9341,9178,2,6,True
4520,4016,5,9,True
2437,7406,2,2,False
661,2248,0,2,True
7624,6095,9,5,False
2731,302,3,1,False
7107,9445,9,3,False
7443,361,6,6,False
9163,5523,3,9,True
1359,5943,7,1,False
2980,2231,6,6,False
6331,2411,3,1,False
3293,5378,2,6,True
1327,5688,9,7,False
231,9534,3,7,True
2705,5866,1,7,True
3074,8293,3,3,False
8412,351,5,5,False
5100,2681,9,3,False
3972,5136,6,6,False
7242,6973,9,3,False
647,4359,1,5,True
1283,5333,7,9,True
2173,194,4,0,False
5076,6350,4,6,True
7823,6343,8,8,False
562,4319,9,9,False
5375,5889,9,1,False
6556,5492,1,3,True
5792,4389,4,8,True
8125,4726,8,8,False
1329,7254,1,9,True
5341,8458,6,0,False
405,2144,4,6,True
4051,1253,6,4,False
6245,1099,8,6,False
9508,3941,0,4,True
1267,177,8,8,False
5712,1191,6,0,False
9696,7681,2,6,True
1707,9883,1,5,True
943,2318,6,0,False
1364,3130,8,6,False
1533,71,0,0,False
3765,3390,1,3,True
1335,6459,2,6,True
8549,3082,1,3,True
3146,7993,3,3,False
7805,4832,8,6,False
7367,3114,0,4,True
1336,2949,2,8,True
4413,2394,6,4,False
2082,1270,2,4,True
3154,5385,4,2,False
2721,6583,6,0,False
9705,6642,1,9,True
3506,6873,5,3,False
5537,3889,9,9,False
4205,4724,2,8,True
1085,1035,6,6,False
8209,5758,8,4,False
7161,1342,0,4,True
178,1418,1,9,True
9499,5802,1,5,True
9457,4399,0,8,True
7268,5747,7,3,False
5951,8066,9,9,False
7892,5017,9,9,False
3792,9768,4,2,False
723,5901,0,6,True
7496,7448,9,5,False
6494,7477,3,7,True
7292,2473,3,1,False
6433,6997,4,4,False
2329,5303,0,6,True
2409,6422,1,9,True
206,6992,9,7,False
2500,9866,2,4,True
3611,1573,2,8,True
6529,7860,4,6,True
4527,5650,0,8,True
387,8262,2,2,False
2553,4856,1,9,True
3673,3034,1,9,True
9790,8053,3,9,True
7006,2570,3,9,True
954,5663,9,7,False
1142,5413,4,8,True
9808,4645,9,5,False
3911,8616,0,4,True
3478,6702,9,1,False
193,4927,9,1,False
5673,5201,0,4,True
9869,1950,7,7,False
8800,4734,2,2,False
5999,2048,7,7,False
9141,7636,7,1,False
312,7440,0,0,False
6714,3973,3,7,True
5455,3880,2,8,True
7673,4505,5,9,True
9323,5313,7,7,False
2122,5392,2,2,False
9865,3941,0,4,True
8121,9361,4,6,True
284,5017,9,9,False
6410,2464,8,4,False
1302,8545,1,1,False
7464,9723,9,9,False
1070,7250,5,3,False
3092,4425,1,9,True
6080,995,8,2,False
3977,3601,3,1,False
5470,5952,0,0,False
9077,2347,7,3,False
5130,7821,9,3,False
9760,8665,1,5,True
3172,9940,4,6,True
4960,1018,8,8,False
8697,8373,6,0,False
4002,6046,3,3,False
158,4766,3,5,True
3283,2316,3,1,False
382,438,3,7,True
1254,5914,1,7,True
2369,7211,5,3,False
8974,2538,7,9,True
5026,1737,9,5,False
7353,4423,1,7,True
7546,4787,6,6,False
9757,2144,0,6,True
251,1994,1,1,False
5459,9181,0,2,True
5917,2284,1,3,True
6030,8891,3,7,True
7221,5423,0,8,True
2855,5232,5,1,False
4748,5426,8,4,False
8505,939,8,2,False
8251,1076,0,2,True
2336,2509,4,4,False
8685,2738,4,6,True
1535,6019,0,4,True
5424,1298,9,3,False
5518,1103,5,9,True
6445,8807,1,9,True
8725,6939,8,2,False
2511,8856,3,3,False
3446,7465,0,0,False
1936,4380,2,8,True
3982,947,0,8,True
884,3737,0,8,True
674,672,5,1,False
3867,2535,0,6,True
8317,5354,4,6,True
6226,6371,3,3,False
8481,4862,0,0,False
351,6679,5,7,True
685,3340,8,8,False
3489,3813,2,8,True
102,5608,5,5,False
9681,6145,8,8,False
6617,3543,8,4,False
8908,138,2,6,True
4263,8984,5,7,True
8257,6235,7,9,True
3359,4289,0,2,True
3120,5238,3,7,True
6314,1906,5,9,True
7282,438,3,7,True
9734,8270,7,5,False
3287,2956,9,5,False
713,6464,0,8,True
3424,3340,6,8,True
3455,9579,1,3,True
5794,7478,1,5,True
3817,9421,2,2,False
3485,8259,9,9,False
5191,232,4,8,True
3043,5589,0,8,True
8301,6478,8,0,False
7388,6278,5,1,False
8174,7987,2,0,False
4005,1238,1,1,False
4,542,4,8,True
201,4594,6,2,False
5087,7408,0,4,True
9177,2566,3,3,False
901,6145,4,8,True
3206,7051,8,6,False
1211,4494,1,3,True
337,4759,7,1,False
2004,5065,8,8,False
4403,7609,0,2,True
2006,533,6,4,False
2805,211,5,5,False
1437,3905,4,8,True
9365,9005,3,1,False
4317,340,3,5,True
1008,2480,1,7,True
1101,6626,8,4,False
455,584,1,1,False
6964,7511,5,5,False
2810,196,5,1,False
1059,4716,4,2,False
7728,3248,1,3,True
364,4340,5,5,False
3905,7452,8,0,False
743,9359,6,2,False
9026,7881,9,1,False
800,4814,8,6,False
1423,9651,9,5,False
7356,7618,7,1,False
6241,6203,0,2,True
5378,5801,6,6,False
2792,9374,9,7,False
5981,7541,5,5,False
4682,2369,9,5,False
8758,6565,1,9,True
6954,1383,7,3,False
2234,5331,7,1,False
7525,7268,9,7,False
724,5744,6,8,True
9961,5717,6,2,False
9535,2329,2,0,False
6605,1374,6,2,False
1793,8090,9,1,False
8627,1724,8,4,False
4260,9139,2,8,True
3770,5603,4,0,False
1873,5215,9,3,False
8862,6361,1,7,True
3529,9315,9,5,False
6569,1716,3,7,True
7549,2610,6,2,False
10,8380,0,6,True
8228,2401,0,4,True
5136,4034,6,0,False
